ID(編號),Name(單位名稱),Area(行政區),Address(地址),Latitude(緯度),Longitude(經度),Remark(備註)
1,良陽國際有限公司,士林區,臺北市士林區士東路250號,25.1128919,121.5356426,檢驗站
2,駿輝機車行,士林區,臺北市士林區大南路295號,25.0887668,121.518757,檢驗站
3,捷運淡水線劍潭站,士林區,臺北市士林區中山北路5段65號,25.0842438,121.5250016,捷運站
4,永景機車材料行,士林區,臺北市士林區中山北路6段405巷79號1樓,25.1170619,121.5260607,檢驗站
5,新天母機車行,士林區,臺北市士林區中山北路6段405巷83號,25.1171862,121.5260073,檢驗站
6,福林公園地下停車場,士林區,臺北市士林區中正路17號,25.0959881,121.530776,公有停車場
7,北大機車材料行,士林區,臺北市士林區中正路411、413號,25.093658,121.5208035,檢驗站
8,巨揚機車行,士林區,臺北市士林區中正路605號,25.0865496,121.5097801,檢驗站
9,社子清潔分隊(葫蘆),士林區,臺北市士林區中正路臨707-1號(重陽橋下),25.0919088,121.5180051,清潔隊
10,好發達車業,士林區,臺北市士林區天母東路8巷99號,25.1143251,121.5303147,檢驗站
11,銘豐機車行,士林區,臺北市士林區文林路314號,25.092191,121.5262043,檢驗站
12,文昌國小地下停車場,士林區,臺北市士林區文林路615巷20號地下,25.0992248,121.5214658,公有停車場
13,富偉機車行,士林區,臺北市士林區文林路663號,25.1007335,121.5224075,檢驗站
14,瑞展機車行,士林區,臺北市士林區文林路752號,25.1031923,121.5200235,車行
15,卉茂實業有限公司,士林區,臺北市士林區文林路764號,25.103607,121.51972,檢驗站
16,新鎰昌機車行,士林區,臺北市士林區至誠路1段2-6號,25.1010597,121.5372188,檢驗站
17,金晉車業行,士林區,臺北市士林區延平北路5段111號,25.0814606,121.5103362,車行
18,台益機車有限公司,士林區,臺北市士林區延平北路5段129號,25.0820185,121.5102655,檢驗站
19,原益車業行,士林區,臺北市士林區延平北路5段14號,25.0795003,121.5113021,檢驗站
20,力泰車業有限公司,士林區,臺北市士林區延平北路5段220號,25.0840577,121.5100855,檢驗站
21,日輝車業有限公司,士林區,臺北市士林區延平北路5段41號1樓,25.0799134,121.5108202,檢驗站
22,嘉盛車業行,士林區,臺北市士林區延平北路6段139號,25.0890642,121.5077299,檢驗站
23,聖平車業行,士林區,臺北市士林區延平北路6段149號,25.0892336,121.5075453,檢驗站
24,社子國小地下停車場,士林區,臺北市士林區延平北路6段308號地下,25.0904715,121.5020712,公有停車場
25,福安里辦公室,士林區,臺北市士林區延平北路7段107巷10號,25.0966491,121.4944236,里辦公室
26,得勝機車行,士林區,臺北市士林區延平北路8段175號,25.1058434,121.4815967,車行
27,中華汽車社子服務廠,士林區,臺北市士林區延平北路六段434號,25.0922801,121.4997915,中華汽車服務廠
28,文發機車行,士林區,臺北市士林區社中街462號,25.0910935,121.5016769,車行
29,名山里貓頭鷹之家,士林區,臺北市士林區雨聲街68號,25.1036617,121.5288601,里辦公室
30,德龍車業行,士林區,臺北市士林區故宮路41巷1號,25.096635,121.547422,檢驗站
31,福元機車有限公司,士林區,臺北市士林區重慶北路4段232號,25.0863432,121.5113414,檢驗站
32,益隆車業有限公司,士林區,臺北市士林區重慶北路4段244號,25.0858362,121.510921,檢驗站
33,草山清潔分隊,士林區,臺北市士林區格致路34號,25.1370671,121.5465596,清潔隊
34,承德公園地下停車場,士林區,臺北市士林區基河路150號,25.0898396,121.5225283,公有停車場
35,進?車業行,士林區,臺北市士林區通河東街1段198號1樓,25.0865885,121.5160129,檢驗站
36,盟業車業行,士林區,臺北市士林區通河街169號,25.0814403,121.5198848,檢驗站
37,學生機車行有限公司,士林區,臺北市士林區華岡路31之3號1樓,25.1379829,121.5427704,檢驗站
38,永生車業有限公司,士林區,臺北市士林區華齡街71號,25.0847437,121.5192849,檢驗站
39,捷運淡水線芝山站,士林區,臺北市士林區福國路70號,25.1030599,121.522514,捷運站
40,正大機車行,士林區,臺北市士林區德行東路206號,25.1088852,121.532029,車行
41,誠鎰車業行,士林區,臺北市士林區德行東路23號,25.1069358,121.525865,檢驗站
42,甲翊機車行,大同區,臺北市大同區大龍街230號,25.0697324,121.5158369,車行
43,建成清潔分隊,大同區,臺北市大同區民權西路194之1號,25.0628026,121.5141461,清潔隊
44,忠億車業有限公司,大同區,臺北市大同區西寧北路17-4號,25.0525532,121.5086811,檢驗站
45,弘展機車有限公司,大同區,臺北市大同區西寧北路93號,25.0566321,121.5091453,檢驗站
46,順旺車業有限公司,大同區,臺北市大同區延平北路1段24號,25.1058398,121.477736,檢驗站
47,加祥車業有限公司,大同區,臺北市大同區延平北路2段256號,25.060364,121.51128,檢驗站
48,新協大車業有限公司,大同區,臺北市大同區延平北路3段67-1號,25.066278,121.511122,檢驗站
49,啟聰學校地下停車場,大同區,臺北市大同區延平北路4段205號,25.0744316,121.5119309,公有停車場
50,大華車業有限公司,大同區,臺北市大同區承德路1段47號,25.06945,121.518185,檢驗站
51,小緯機車行,大同區,臺北市大同區承德路2段149號,25.057998,121.51838,檢驗站
52,建成公園地下停車場,大同區,臺北市大同區承德路2段31號,25.0540267,121.5184286,公有停車場
53,長豐車業行,大同區,臺北市大同區承德路3段160號,25.068759,121.5181778,檢驗站
54,弘達車業有限公司,大同區,臺北市大同區承德路3段162號,25.0687669,121.5182034,檢驗站
55,大龍清潔分隊,大同區,臺北市大同區承德路3段303之1號(承德橋下),25.0777125,121.5188136,清潔隊
56,國真車業有限公司,大同區,臺北市大同區承德路3段312號,25.0747215,121.5197187,車行
57,瑞明機車行,大同區,臺北市大同區長安西路199號,25.051976,121.51304,檢驗站
58,建成國中地下停車場,大同區,臺北市大同區長安西路37號之一,25.0504086,121.5196574,公有停車場
59,大龍國小地下停車場,大同區,臺北市大同區哈密街47號,25.073409,121.5166925,公有停車場
60,國真機車有限公司,大同區,臺北市大同區哈密街63巷1號,25.0741838,121.5153033,檢驗站
61,吉財機車行,大同區,臺北市大同區哈密街83號,25.0730897,121.5147933,檢驗站
62,良星車業有限公司,大同區,臺北市大同區重慶北路2段39號,25.0550974,121.5143858,檢驗站
63,進益機車行,大同區,臺北市大同區庫倫街31號,25.072039,121.5178355,車行
64,蘭州清潔分隊,大同區,臺北市大同區敦煌路151之1號,25.0767375,121.5116535,清潔隊
65,立偉成有限公司,大同區,臺北市大同區寧夏路127號,25.0605169,121.5145879,檢驗站
66,蓬萊國小地下停車場,大同區,臺北市大同區寧夏路35號,25.0563873,121.5157097,公有停車場
67,直屬夜勤清潔分隊,大同區,臺北市大同區鄭州路臨50號,25.0498653,121.5115991,清潔隊
68,翊翔機車行,大同區,臺北市大同區錦西街53巷2號,25.0600583,121.5158402,檢驗站
69,磬葉企業有限公司,大同區,臺北市大同區錦西街56號,25.0601986,121.5196988,檢驗站
70,雄偉機車行,大同區,臺北市大同區環河北路1段335號,25.0779224,121.5086512,檢驗站
71,延平清潔分隊,大同區,臺北市大同區環河北路1段臨63-1號,25.0779224,121.5086512,清潔隊
72,金理車業有限公司,大安區,臺北市大安區八德路2段35號,25.0448781,121.534073,檢驗站
73,萬聯車業行,大安區,臺北市大安區市民大道4段22號,25.0447032,121.5448174,檢驗站
74,樺新車業行,大安區,臺北市大安區市民大道4段64號,25.0448202,121.5468387,檢驗站
75,盛昌機車行,大安區,臺北市大安區辛亥路1段58號,25.0249441,121.5433783,檢驗站
76,台大清潔分隊,大安區,臺北市大安區辛亥路1段臨138號,25.0005937,121.5546312,清潔隊
77,和平清潔分隊,大安區,臺北市大安區辛亥路1段臨143號,25.0005937,121.5546312,清潔隊
78,宏立機車事業有限公司,大安區,臺北市大安區和平東路2段141號,25.0249441,121.5433783,檢驗站
79,宏興車業有限公司,大安區,臺北市大安區和平東路3段127號,25.0249441,121.5433783,檢驗站
80,福全車業,大安區,臺北市大安區和平東路3段228巷88號,25.0341151,121.5344209,車行
81,捷運木柵線麟光站,大安區,臺北市大安區和平東路3段410號,25.0249441,121.5433783,捷運站
82,車王二輪社,大安區,臺北市大安區延吉街64-1號,25.043398,121.5538743,檢驗站
83,敦化清潔分隊,大安區,臺北市大安區忠孝東路3段31號(建國北路橋孔下),25.0418168,121.544007,清潔隊
84,致盛機車行,大安區,臺北市大安區金華街118-4號,25.0300747,121.526893,檢驗站
85,新生清潔分隊,大安區,臺北市大安區建國南路1段臨173號(近濟南路3段),25.0228567,121.5372832,清潔隊
86,典輪機車行,大安區,臺北市大安區建國南路2段161號,25.0284558,121.5381508,檢驗站
87,龍門國中地下停車場,大安區,臺北市大安區建國南路2段269號地下停車場,25.0237532,121.5382271,公有停車場
88,大安森林公園地下停車場,大安區,臺北市大安區建國南路2段2號,25.0326001,121.5362253,公有停車場
89,小林機車行,大安區,臺北市大安區建國南路2段79巷3號,25.0309681,121.538314,檢驗站
90,瑞安清潔分隊,大安區,臺北市大安區建國南路2段臨263號,25.0228567,121.5372832,清潔隊
91,東貿機車有限公司,大安區,臺北市大安區基隆路2段233號,25.0225508,121.5508324,檢驗站
92,臥龍清潔分隊,大安區,臺北市大安區基隆路3段臨24號,25.018168,121.5456535,清潔隊
93,信全車業有限公司,大安區,臺北市大安區通化街168號,25.0283178,121.5535997,檢驗站
94,迅誠機車行,大安區,臺北市大安區通化街171巷11號,25.02803,121.5544389,檢驗站
95,福元車業行,大安區,臺北市大安區富陽街2號,25.0238026,121.5561353,車行
96,立暉機車行,大安區,臺北市大安區新生南路2段82-1號1樓,25.027169,121.534563,檢驗站
97,崇盛機車行,大安區,臺北市大安區瑞安街152號,25.029229,121.5418954,檢驗站
98,嘉興公園地下停車場,大安區,臺北市大安區嘉興街373號,25.0318217,121.55835,公有停車場
99,建維機車行,大安區,臺北市大安區潮州街86號,25.0290397,121.5246447,檢驗站
100,皇信機車行,大安區,臺北市大安區濟南路三段68號,25.040038,121.537237,檢驗站
101,益揚車業有限公司,大安區,臺北市大安區羅斯福路3段93號,25.0226062,121.5263455,檢驗站
102,异城車業有限公司,中山區,臺北市中山區八德路2段329號,25.047509,121.543199,檢驗站
103,材洋車業,中山區,臺北市中山區八德路2段61號,25.0452175,121.5348345,車行
104,運輪機車行,中山區,臺北市中山區八德路2段88巷20號,25.0449334,121.5359477,檢驗站
105,正良機車有限公司,中山區,臺北市中山區八德路二段70號,25.0453429,121.5355234,車行
106,中山區清潔隊大直分隊,中山區,臺北市中山區大直街21巷2號,25.0816455,121.5468812,清潔隊
107,永全機車行,中山區,臺北市中山區中山北路2段137巷36-2號,25.0616082,121.5253198,檢驗站
108,永盛公園地下停車場,中山區,臺北市中山區中山北路2段93巷30號,25.0592421,121.5247468,公有停車場
109,臺北市中山運動中心,中山區,臺北市中山區中山北路二段44巷2號B1,25.0549545,121.5214518,運動中心
110,泓原彰車業行,中山區,臺北市中山區中原街23號,25.0562688,121.5289781,檢驗站
111,旭順車業行,中山區,臺北市中山區中原街55號,25.058406,121.5289683,檢驗站
112,德剛車行有限公司,中山區,臺北市中山區天津街27號,25.0486506,121.5226912,檢驗站
113,大昌機車有限公司,中山區,臺北市中山區北安路458巷3號,25.0793452,121.5446486,檢驗站
114,英詮機車行,中山區,臺北市中山區北安路656號1樓,25.0835919,121.5493443,檢驗站
115,旭峰機車行,中山區,臺北市中山區北安路670巷9號,25.084091,121.5497822,車行
116,東和藝品有限公司(77號單車店),中山區,臺北市中山區民生東路2段77號,25.0792018,121.5427093,商店
117,展欣豪車業有限公司,中山區,臺北市中山區民權東路2段126號,25.0623924,121.5279788,檢驗站
118,朝日車業行,中山區,臺北市中山區民權東路2段133號,25.0623924,121.5279788,檢驗站
119,達誠車業有限公司,中山區,臺北市中山區吉林路12-3號,25.0502952,121.5299237,檢驗站
120,長安國小地下停車場,中山區,臺北市中山區吉林路15號地下停車場,25.0498163,121.5301871,公有停車場
121,偉恆有限公司,中山區,臺北市中山區吉林路408號,25.0655378,121.5302035,檢驗站
122,偉翔機車行,中山區,臺北市中山區長安東路1段45號,25.0484736,121.5405885,檢驗站
123,展欣重車開發有限公司,中山區,臺北市中山區長春路131-1號,25.0549702,121.5308208,檢驗站
124,中山區清潔隊長安分隊,中山區,臺北市中山區建國北路1段臨5-1號,25.0479928,121.5442756,清潔隊
125,溝一清潔分隊,中山區,臺北市中山區建國北路2段63號對面,25.0558287,121.5372863,清潔隊
126,榮星花園地下停車場,中山區,臺北市中山區建國北路3段39號,25.0640384,121.5377847,公有停車場
127,民一清潔分隊,中山區,臺北市中山區建國北路3段96之1號,25.0670235,121.5340276,清潔隊
128,中山清潔分隊,中山區,臺北市中山區新生北路2段臨30-1號,25.0574829,121.5273176,清潔隊
129,新星機車行,中山區,臺北市中山區新生北路3段91號,25.0677066,121.5281644,檢驗站
130,中華汽車市民服務廠,中山區,臺北市中山區新生北路一段25號之5,25.0469733,121.5315595,中華汽車服務廠
131,濱江國中地下停車場,中山區,臺北市中山區樂群2路266巷1號地下停車場,25.0794297,121.5616506,公有停車場
132,興羨機車行,中山區,臺北市中山區興安街65號,25.0562738,121.5426009,檢驗站
133,名佳車業行,中山區,臺北市中山區錦州街310號,25.060194,121.5375455,檢驗站
134,民二清潔分隊,中山區,臺北市中山區錦州街臨306號,25.060337,121.5337764,清潔隊
135,東舜機車行,中山區,臺北市中山區龍江路16號,25.047826,121.5402671,車行
136,農安機車有限公司,中山區,臺北市中山區龍江路375號,25.0647002,121.5411313,檢驗站
137,公館清潔分隊,中正區,臺北市中正區水源路臨2號,25.0216809,121.5170584,清潔隊
138,興珍機車行,中正區,臺北市中正區汀州路1段204號,25.0269395,121.511146,車行
139,世輪機車行,中正區,臺北市中正區汀州路2段76號,25.0250571,121.518687,檢驗站
140,慶發車業有限公司,中正區,臺北市中正區汀洲路1段182號,25.0235855,121.5226511,檢驗站
141,忠豪車業有限公司,中正區,臺北市中正區忠孝東路2段31號,25.0437045,121.5275797,檢驗站
142,河堤里辦公室,中正區,臺北市中正區金門街11之1號,25.0215783,121.5233474,里辦公室
143,網溪里辦公室,中正區,臺北市中正區牯嶺街165號,25.0220333,121.5192212,里辦公室
144,后里車業有限公司,中正區,臺北市中正區牯嶺街47號,25.0299018,121.5166651,檢驗站
145,松大車業有限公司,中正區,臺北市中正區牯嶺街61-3號,25.0293195,121.5171513,檢驗站
146,紘益機車行,中正區,臺北市中正區牯嶺街77號,25.0282127,121.5180137,檢驗站
147,致盛國際車業有限公司,中正區,臺北市中正區重慶南路3段130-1、130-2號,25.0244455,121.5165213,檢驗站
148,隆發車業有限公司,中正區,臺北市中正區重慶南路3段135號,25.0237441,121.5170577,檢驗站
149,立豐機車行,中正區,臺北市中正區重慶南路3段32號,25.0286888,121.5154061,檢驗站
150,三之三車業有限公司,中正區,臺北市中正區重慶南路3段56號,25.0276335,121.5157092,檢驗站
151,鉍勝車業有限公司,中正區,臺北市中正區師大路146號,25.0212098,121.5264883,檢驗站
152,泉州清潔分隊,中正區,臺北市中正區惠安街47號,25.0288021,121.507552,清潔隊
153,臺北市立大學(博愛校區),中正區,臺北市中正區愛國西路1號,25.0356043,121.5142953,校園停車場
154,一成機車有限公司,中正區,臺北市中正區新生南路1段134-1號,25.0366337,121.5325183,檢驗站
155,國裕機車行,中正區,臺北市中正區濟南路2段73號,25.040405,121.532517,檢驗站
156,興陽機車行,內湖區,臺北市內湖區五分街39號,25.0676162,121.6136336,檢驗站
157,鎧詮機車行,內湖區,臺北市內湖區內湖路1段31號,25.0689422,121.5909027,檢驗站
158,欣隆機車行,內湖區,臺北市內湖區內湖路1段411巷11號,25.080734,121.59036,車行
159,玟樺機車行,內湖區,臺北市內湖區內湖路1段91巷7號,25.0689422,121.5909027,檢驗站
160,熊大車業行,內湖區,臺北市內湖區內湖路2段114號,25.0793594,121.5819205,檢驗站
161,國生機車行,內湖區,臺北市內湖區內湖路2段67號,25.079749,121.582208,車行
162,吉川二輪工作室,內湖區,臺北市內湖區內湖路3段59巷17號,25.085571,121.591629,車行
163,中華汽車內湖1服務廠,內湖區,臺北市內湖區內湖路一段411巷56號,25.0831294,121.5714144,中華汽車服務廠
164,坤達機車行,內湖區,臺北市內湖區文湖街75號,25.0867245,121.5636636,檢驗站
165,內湖車業有限公司,內湖區,臺北市內湖區文德路18號,25.0783579,121.5792875,檢驗站
166,新三和機車行,內湖區,臺北市內湖區文德路22巷1號,25.0782047,121.5794135,檢驗站
167,四維通車業有限公司,內湖區,臺北市內湖區民權東路6段128號,25.068847,121.587541,檢驗站
168,葉陽車業行,內湖區,臺北市內湖區民權東路6段320號,25.0728599,121.6060457,檢驗站
169,誠鴻機車行,內湖區,臺北市內湖區民權東路6段60號,25.0686302,121.5848108,檢驗站
170,文德清潔分隊,內湖區,臺北市內湖區民權東路6段臨10之2號,25.0690834,121.5892012,清潔隊
171,安泰里辦公室,內湖區,臺北市內湖區安泰街49巷1號1樓,25.0740793,121.6176432,里辦公室
172,千豐車業行,內湖區,臺北市內湖區安康路191號,25.066072,121.611528,檢驗站
173,內湖垃圾焚化廠,內湖區,臺北市內湖區安康路290號,25.062212,121.6045321,焚化廠
174,百鉅機車行,內湖區,臺北市內湖區成功路2段314號,25.0672429,121.5903883,檢驗站
175,日盛車業有限公司,內湖區,臺北市內湖區成功路3段73號,25.077904,121.59011,檢驗站
176,柏成機車行,內湖區,臺北市內湖區成功路4段331號,25.0844694,121.5992373,車行
177,大湖公園地下停車場,內湖區,臺北市內湖區成功路5段7號,25.0835653,121.6020551,公有停車場
178,春琳國際車業有限公司,內湖區,臺北市內湖區江南街28號,25.0776602,121.5776773,檢驗站
179,東湖國小地下停車場,內湖區,臺北市內湖區東湖路115號地下停車場,25.0684371,121.616062,公有停車場
180,峻東機車行,內湖區,臺北市內湖區東湖路119巷49弄30號,25.0701228,121.6163509,檢驗站
181,宏淞車業有限公司,內湖區,臺北市內湖區金龍路87號,25.0853389,121.5918933,檢驗站
182,成功車業行,內湖區,臺北市內湖區金龍路9號,25.0845422,121.5949769,檢驗站
183,豪展機車行,內湖區,臺北市內湖區康寧路1段206號,25.0758327,121.6088852,檢驗站
184,日昇機車行,內湖區,臺北市內湖區康寧路3段16巷115號,25.0711261,121.609557,檢驗站
185,康樂合署大樓地下停車場,內湖區,臺北市內湖區康樂街150號,25.0726326,121.6191733,公有停車場
186,冠頡車業行,內湖區,臺北市內湖區康樂街200號1樓,25.0762679,121.6211301,檢驗站
187,國祥機車行,內湖區,臺北市內湖區康樂街32號,25.0688407,121.6183063,檢驗站
188,正倫車業行,內湖區,臺北市內湖區康樂街69號,25.068766,121.618525,檢驗站
189,祥昊機車行,內湖區,臺北市內湖區港華街30號,25.0823158,121.5769002,車行
190,通龍車業行,內湖區,臺北市內湖區港墘路34號,25.0825087,121.578026,檢驗站
191,法仕德車業有限公司,內湖區,臺北市內湖區新明路363號,25.0558072,121.5825084,檢驗站
192,東和機車有限公司,內湖區,臺北市內湖區環山路1段37號,25.0826777,121.5656678,檢驗站
193,新翔發車業,內湖區,臺北市內湖區環山路2段10巷2號,25.086506,121.5710971,車行
194,米德車業行,內湖區,臺北市內湖區環山路2段21號,25.0860824,121.5712854,檢驗站
195,龍杰車業行,文山區,臺北市文山區木柵路1段206號,24.99168,121.5711331,檢驗站
196,元土車行,文山區,臺北市文山區木柵路1段212號,24.99168,121.5711331,檢驗站
197,永建國小地下停車場,文山區,臺北市文山區木柵路1段311巷1號,24.967016,121.591065,公有停車場
198,龍騰車業行,文山區,臺北市文山區木柵路1段34號,24.99168,121.5711331,檢驗站
199,鳳翔車業行,文山區,臺北市文山區木柵路1段57-6號,24.99168,121.5711331,檢驗站
200,慧昌機車行,文山區,臺北市文山區木柵路3段102巷7號,24.9882779,121.567662,檢驗站
201,木柵垃圾焚化廠,文山區,臺北市文山區木柵路5段53號,25.0331095,121.5689169,焚化廠
202,福星機車行,文山區,臺北市文山區木新路2段123號,24.9840947,121.5695869,檢驗站
203,順利機車行,文山區,臺北市文山區木新路2段285號,24.9827782,121.5657334,檢驗站
204,拓源機車行,文山區,臺北市文山區木新路3段73號,24.9821232,121.5635135,檢驗站
205,興隆公園地下停車場,文山區,臺北市文山區仙岩路128號,25.0005935,121.551195,公有停車場
206,萬興國小地下停車場,文山區,臺北市文山區秀明路2段116號,24.9894653,121.5767155,公有停車場
207,中華汽車辛亥服務廠,文山區,臺北市文山區辛亥路四段202巷2號,25.0027602,121.5555694,中華汽車服務廠
208,光輝機車行,文山區,臺北市文山區忠順街1段36、38號,24.9840475,121.5581369,檢驗站
209,東和機車行,文山區,臺北市文山區指南路1段4號,24.9876835,121.569877,檢驗站
210,嘉聰車行,文山區,臺北市文山區指南路2段128號,24.985636,121.5797758,車行
211,景美國小地下停車場,文山區,臺北市文山區景文街142巷2號地下停車場,24.9885022,121.5402646,公有停車場
212,三育機車有限公司,文山區,臺北市文山區景隆街54號,24.998439,121.544269,檢驗站
213,景東里里辦公室,文山區,臺北市文山區景興路153巷1號,24.9938533,121.5449895,里辦公室
214,威烝車業行,文山區,臺北市文山區景興路28-1號,24.997458,121.544521,檢驗站
215,三光機車行,文山區,臺北市文山區景興路7號1樓,24.9982759,121.544792,檢驗站
216,祥騰機車行,文山區,臺北市文山區景興路94號,24.9948301,121.54453,檢驗站
217,水源快速道路高架橋下停車場,文山區,臺北市文山區溪洲街128號,25.0043479,121.5350513,公務單位停車場
218,景美清潔分隊,文山區,臺北市文山區溪洲街臨220號,25.002924,121.535545,清潔隊
219,公務人員訓練中心,文山區,臺北市文山區萬美街二段21巷20號,25.0040863,121.5616629,公務單位停車場
220,德勝車業,文山區,臺北市文山區興隆路1段139號,24.9932252,121.5603106,車行
221,臺北花木批發市場地下停車場,文山區,臺北市文山區興隆路1段15號,24.9932252,121.5603106,公有停車場
222,達成車業有限公司,文山區,臺北市文山區興隆路2段177號,25.0007509,121.5490426,檢驗站
223,騰暉車業行,文山區,臺北市文山區興隆路2段18號,24.9986126,121.5455689,檢驗站
224,鋒權輪有限公司,文山區,臺北市文山區興隆路2段241號,25.0019609,121.551362,檢驗站
225,鴻吉機車行,文山區,臺北市文山區興隆路3段117號,24.9990158,121.5581763,檢驗站
226,興隆D2區公共住宅地下停車場,文山區,臺北市文山區興隆路4段105巷45號,24.9880192,121.5627731,公有停車場
227,吉全機車行,文山區,臺北市文山區興隆路4段111-2號,24.9864326,121.561277,檢驗站
228,高旺企業股份有限公司,文山區,臺北市文山區羅斯福路5段182號,25.0040268,121.5384505,檢驗站
229,展嘉輪業有限公司,文山區,臺北市文山區羅斯福路5段48號,25.0086729,121.537582,檢驗站
230,弘偉車業有限公司,文山區,臺北市文山區羅斯福路6段317號,24.9939281,121.5413918,檢驗站
231,合展車業行,文山區,臺北市文山區羅斯福路6段73、75號,24.9983159,121.5406783,檢驗站
232,七星公園地下停車場,北投區,臺北市北投區七星街3號,25.1365371,121.5021269,公有停車場
233,捷運淡水線奇岩站,北投區,臺北市北投區三合街2段489號,25.1260169,121.5010117,捷運站
234,關渡清潔分隊,北投區,臺北市北投區大度路3段臨250號,25.1233369,121.4677544,清潔隊
235,中華汽車北投服務廠,北投區,臺北市北投區大業路262號,25.1267903,121.4988588,中華汽車服務廠
236,汶吉車業行,北投區,臺北市北投區大業路560號,25.1353596,121.4970923,檢驗站
237,大利車業行,北投區,臺北市北投區中央北路1段203號,25.1328975,121.475307,檢驗站
238,大發車業,北投區,臺北市北投區中央北路2段167號,25.1376049,121.493342,檢驗站
239,百傑車業行,北投區,臺北市北投區中央北路2段303號,25.1383459,121.489974,檢驗站
240,捷運淡水線復興崗站,北投區,臺北市北投區中央北路3段53巷10號,25.137621,121.4853756,捷運站
241,捷運淡水線忠義站,北投區,臺北市北投區中央北路4段301號,25.1309977,121.4732455,捷運站
242,健展車業行,北投區,臺北市北投區中央北路4段479號,25.1285266,121.4694727,檢驗站
243,聯盈機車材料行,北投區,臺北市北投區中央北路4段545號,25.1276868,121.4676348,檢驗站
244,聯螢車業有限公司,北投區,臺北市北投區中央南路1段156號,25.132238,121.501289,檢驗站
245,福盛全有限公司,北投區,臺北市北投區中央南路1段210號,25.132238,121.501289,檢驗站
246,義成機車行,北投區,臺北市北投區中央南路一段225巷4號,25.1276573,121.5010067,車行
247,福盛車業行,北投區,臺北市北投區中央南路二段123號,25.1216686,121.5002307,車行
248,雄大車業行,北投區,臺北市北投區中和街453-11號,25.1446192,121.4967949,檢驗站
249,嘉麟車業行,北投區,臺北市北投區中和街486號,25.1453522,121.4949817,車行
250,展悅機車行,北投區,臺北市北投區公館路146號,25.129255,121.505613,檢驗站
251,振興公園地下停車場,北投區,臺北市北投區天母西路112號,25.1187915,121.5232622,公有停車場
252,捷運淡水線石牌站,北投區,臺北市北投區石牌路1段200號,25.1133685,121.510814,捷運站
253,進山車業有限公司,北投區,臺北市北投區石牌路1段24號,25.1133685,121.510814,檢驗站
254,順達機車行,北投區,臺北市北投區立農街2段206號,25.1187304,121.5144826,檢驗站
255,良偉機車行,北投區,臺北市北投區立農街2段284號1樓,25.1186118,121.5159382,檢驗站
256,捷運淡水線北投站,北投區,臺北市北投區光明路1號,25.131796,121.4985464,捷運站
257,金展機車行,北投區,臺北市北投區自強街62號,25.1103809,121.5139296,檢驗站
258,欣民機車行,北投區,臺北市北投區行義路21號,25.1250843,121.5264718,檢驗站
259,裕民機車行,北投區,臺北市北投區西安街2段185號,25.1194771,121.511186,檢驗站
260,隆大車業行,北投區,臺北市北投區承德路7段344巷15號,25.1179871,121.504569,檢驗站
261,立農公園地下停車場,北投區,臺北市北投區承德路7段372號,25.1184968,121.5030525,公有停車場
262,石牌清潔分隊,北投區,臺北市北投區承德路7段393巷200號,25.1124206,121.4983713,清潔隊
263,捷運淡水線明德站,北投區,臺北市北投區明德路95號,25.1098346,121.5187564,捷運站
264,聯誠機車行,北投區,臺北市北投區東華街2段14號,25.1162464,121.5147059,檢驗站
265,銘洋機車行,北投區,臺北市北投區東陽街423號,25.1125835,121.5181986,車行
266,草山車業,北投區,臺北市北投區東陽街470號1樓,25.1121574,121.5197862,檢驗站
267,北投垃圾焚化廠,北投區,臺北市北投區洲美街271號,25.1079548,121.4992782,焚化廠
268,友盛機車,北投區,臺北市北投區致遠一路1段4號,25.1075163,121.5176127,車行
269,和?車業有限公司,北投區,臺北市北投區致遠一路1段92號,25.1075163,121.5176127,檢驗站
270,僑王機車行,北投區,臺北市北投區致遠二路116號,25.1172618,121.5129581,檢驗站
271,石牌國小地下停車場,北投區,臺北市北投區致遠二路80號地下停車場,25.1156862,121.5117748,公有停車場
272,唭哩岸機車行,北投區,臺北市北投區致遠二路89號,25.1162192,121.5116437,檢驗站
273,重輪車業有限公司,北投區,臺北市北投區崇仁路1段21號,25.1258802,121.5015483,檢驗站
274,眾欣機車行,北投區,臺北市北投區崇仁路1段25號,25.1258802,121.5015483,車行
275,浩成機車行,北投區,臺北市北投區崇仁路1段40號,25.1258802,121.5015483,檢驗站
276,陽明山立體停車場,北投區,臺北市北投區湖山路1段51號,25.1151759,121.515018,公有停車場
277,臺北市北投區戶政事務所,北投區,臺北市北投區新市街30號地下停車場(要從清江路25巷進去),25.1323774,121.5029288,公務單位停車場
278,舜益車業行,北投區,臺北市北投區懷德街30號,25.1119698,121.5195017,車行
279,日星車業行,松山區,臺北市松山區八德路3段198號,25.047902,121.5563432,檢驗站
280,尚勇車業行,松山區,臺北市松山區八德路4段332號,25.0490995,121.5680754,檢驗站
281,群億車業行,松山區,臺北市松山區八德路4段336號,25.0491089,121.5681818,檢驗站
282,八德立體停車場,松山區,臺北市松山區八德路4段580號,25.0496991,121.5719857,公有停車場
283,松山國小地下停車場,松山區,臺北市松山區八德路4段746號,25.0503201,121.5782913,公有停車場
284,尚益車業有限公司,松山區,臺北市松山區五常街281-2號,25.0647154,121.5453123,檢驗站
285,峻旺機車行,松山區,臺北市松山區市民大道4段99號,25.0452433,121.5478665,檢驗站
286,偶戲博物館地下停車場,松山區,臺北市松山區市民大道5段99號,25.0477411,121.5613359,公有停車場
287,新光機車行,松山區,臺北市松山區民生東路5段57號,25.0585789,121.5608832,檢驗站
288,民有市場地下停車場,松山區,臺北市松山區民權東路3段140巷15號,25.0624428,121.5407915,公有停車場
289,松春來車業有限公司,松山區,臺北市松山區民權東路5段30號,25.0633146,121.5650816,檢驗站
290,千翔車業行,松山區,臺北市松山區光復北路109號,25.0511995,121.5581296,檢驗站
291,祥瑞車業行,松山區,臺北市松山區光復南路46號,25.0462347,121.557559,檢驗站
292,松山清潔分隊,松山區,臺北市松山區南京東路5段372號,25.0515495,121.5687206,清潔隊
293,永承車業行,松山區,臺北市松山區健康路230號,25.0538489,121.5613839,檢驗站
294,佳昇機車行,松山區,臺北市松山區健康路44號,25.053212,121.552811,檢驗站
295,體育局田徑場地下停車場,松山區,臺北市松山區敦化北路3號,25.0496452,121.5524318,公務單位停車場
296,老羅機車行,松山區,臺北市松山區塔悠路206號,25.0574419,121.5690668,檢驗站
297,國盛機車行,松山區,臺北市松山區撫遠街189號,25.059576,121.5684756,檢驗站
298,崑宏機車行,松山區,臺北市松山區撫遠街362號,25.0630701,121.565859,檢驗站
299,山崎動機車業,松山區,臺北市松山區龍江路384巷31號,25.0669187,121.5397563,車行
300,生暉機車行,信義區,臺北市信義區中坡南路271號,25.0389702,121.5842636,車行
301,吉安運動器材有限公司,信義區,臺北市信義區中坡南路287號,25.0385993,121.5841918,檢驗站
302,府前廣場地下停車場,信義區,臺北市信義區市府路1號,25.0381727,121.5643485,公有停車場
303,摩都車業行,信義區,臺北市信義區吳興街378號1樓,25.0251079,121.5669833,檢驗站
304,俊明機車行,信義區,臺北市信義區吳興街469號,25.0237533,121.5692031,檢驗站
305,旭宏車業行,信義區,臺北市信義區和平東路3段285號,25.0409201,121.5720055,檢驗站
306,松宏車業有限公司,信義區,臺北市信義區忠孝東路5段205號,25.0417427,121.5437974,檢驗站
307,松山工農地下停車場,信義區,臺北市信義區忠孝東路5段236巷15號,25.0417427,121.5437974,公有停車場
308,三張犁與五分埔分隊,信義區,臺北市信義區忠孝東路5段255巷臨6號,25.0417427,121.5437974,清潔隊
309,春光公園地下停車場,信義區,臺北市信義區忠孝東路5段666號,25.0417427,121.5437974,公有停車場
310,三沅行車業股份有限公司,信義區,臺北市信義區忠孝東路5段713號,25.0417427,121.5437974,檢驗站
311,展旗車業行,信義區,臺北市信義區松山路225巷1號,25.044879,121.578017,檢驗站
312,勵瑩車業有限公司,信義區,臺北市信義區松山路348號,25.0411699,121.5776174,檢驗站
313,東勝機車行,信義區,臺北市信義區松仁路167號,25.0282269,121.56849,檢驗站
314,忠信廣場地下停車場,信義區,臺北市信義區松仁路2號,25.0402552,121.5681064,公有停車場
315,三張里公園地下停車場,信義區,臺北市信義區松平路81號,25.0305704,121.5669333,公有停車場
316,帛林機車行,信義區,臺北市信義區松信路45號,25.047835,121.572335,車行
317,豪信機車行,信義區,臺北市信義區松隆路217號,25.048426,121.57665,檢驗站
318,大仁車業有限公司,信義區,臺北市信義區松隆路80號,25.044435,121.5692449,檢驗站
319,信義國小地下停車場,信義區,臺北市信義區松勤街60號,25.0313662,121.5629871,公有停車場
320,政辰車業行,信義區,臺北市信義區信安街184號,25.0232324,121.5552271,檢驗站
321,景勤二號公園地下停車場,信義區,臺北市信義區信安街49號,25.026725,121.558242,公有停車場
322,信義廣場地下停車場,信義區,臺北市信義區信義路5段11號,25.0330964,121.5663757,公有停車場
323,世貿機車材料行,信義區,臺北市信義區信義路6段19號,25.034391,121.575421,檢驗站
324,昇輪機車行,信義區,臺北市信義區信義路6段47號,25.0350663,121.5763007,檢驗站
325,光明車業有限公司,信義區,臺北市信義區基隆路2段165號,25.0254044,121.5539621,檢驗站
326,正泓機車行,信義區,臺北市信義區崇德街78號1樓,25.0241697,121.554856,檢驗站
327,益昇機車行,信義區,臺北市信義區莊敬路214號,25.0301298,121.5616175,檢驗站
328,大慶機車材料行,信義區,臺北市信義區莊敬路325巷33號,25.0287675,121.5643704,檢驗站
329,大仁機車行,信義區,臺北市信義區莊敬路325巷38號,25.028515,121.5644099,檢驗站
330,臺北市災害應變中心地下停車場,信義區,臺北市信義區莊敬路391巷11弄2號,25.028965,121.566345,公有停車場
331,裕進車業行,信義區,臺北市信義區富陽街63號,25.0220019,121.5565455,檢驗站
332,駿杰車業,信義區,臺北市信義區嘉興街216巷7號,25.0268549,121.5563992,車行
333,勝鎰車業有限公司,信義區,臺北市信義區嘉興街219巷4號,25.0256036,121.5564823,檢驗站
334,春崇車業行,信義區,臺北市信義區福德街268巷1號,25.0391579,121.5858494,檢驗站
335,翔偉機車行,信義區,臺北市信義區福德街66號,25.037019,121.580721,檢驗站
336,亞帝車業有限公司,南港區,臺北市南港區中坡南路43號,25.0429873,121.5835487,檢驗站
337,力鼎機車行,南港區,臺北市南港區永吉路548號,25.0451494,121.5816523,檢驗站
338,玉成清潔分隊,南港區,臺北市南港區向陽路49號,25.0539281,121.5944563,清潔隊
339,中華汽車南港服務廠,南港區,臺北市南港區成功路一段36巷20號,25.0569551,121.5914124,中華汽車服務廠
340,玉成公園地下停車場,南港區,臺北市南港區成福路118號,25.0424058,121.5859634,公有停車場
341,民豐機車行,南港區,臺北市南港區成福路137號,25.0418246,121.5876602,檢驗站
342,嘉駿機車行,南港區,臺北市南港區成福路155號1樓,25.0413762,121.5881088,檢驗站
343,家育車業行,南港區,臺北市南港區成福路200之1號1樓,25.04081,121.58833,檢驗站
344,三漾輪業行,南港區,臺北市南港區忠孝東路6段240號1樓,25.04878,121.587935,檢驗站
345,伍邦車業,南港區,臺北市南港區忠孝東路6段284號,25.0491448,121.5894852,檢驗站
346,政賢機車行,南港區,臺北市南港區忠孝東路7段564號,25.0457976,121.5828621,檢驗站
347,易展機車行,南港區,臺北市南港區忠孝東路7段589號,25.0457976,121.5828621,車行
348,景隆機車有限公司,南港區,臺北市南港區忠孝東路7段597號,25.0457976,121.5828621,檢驗站
349,大輝車業有限公司,南港區,臺北市南港區忠孝東路7段600號,25.0457976,121.5828621,檢驗站
350,技專車業行,南港區,臺北市南港區昆陽街157巷11號,25.0499478,121.5946231,車行
351,玉成國小地下停車場,南港區,臺北市南港區昆陽街23號,25.0532174,121.5926842,公有停車場
352,中盛機車有限公司,南港區,臺北市南港區東新街4號,25.0512322,121.5823534,檢驗站
353,益群車業有限公司,南港區,臺北市南港區東新街69號,25.0467163,121.5881347,檢驗站
354,南港清潔分隊,南港區,臺北市南港區松河街699號,25.0611395,121.6111945,清潔隊
355,興揚機車有限公司,南港區,臺北市南港區南港路3段16巷2-1號,25.0546656,121.592597,車行
356,儀弘機車行,南港區,臺北市南港區研究院路1段185號,25.0486776,121.616026,檢驗站
357,季祥車業行,南港區,臺北市南港區研究院路1段45號,25.0486776,121.616026,檢驗站
358,高陞機車行,南港區,臺北市南港區研究院路2段72號,25.0455857,121.6150897,檢驗站
359,世貿公園地下停車場,南港區,臺北市南港區經貿二路88巷1號,25.0589479,121.6132688,公有停車場
360,惠展車業,南港區,臺北市南港區福德街354號,25.0397638,121.5888001,檢驗站
361,興中立體停車場,南港區,臺北市南港區興中路44巷1號,25.0561567,121.6064886,公有停車場
362,祥銘機車行,南港區,臺北市南港區興中路80巷14號1樓,25.0573026,121.6061576,檢驗站
363,南港國小地下停車場,南港區,臺北市南港區興東街59號,25.0566736,121.611801,公有停車場
364,正鑫車業行,南港區,臺北市南港區舊莊街1段185號,25.0427148,121.617798,車行
365,信元車業行,萬華區,臺北市萬華區中華路2段40號,25.0328428,121.5048673,車行
366,良江企業有限公司,萬華區,臺北市萬華區中華路2段98號,25.0314118,121.5040636,檢驗站
367,東石機車行,萬華區,臺北市萬華區民和街70號,25.0256969,121.4981085,車行
368,艋舺公園地下停車場,萬華區,臺北市萬華區西園路1段145號,25.0347287,121.4987907,公有停車場
369,欣利機車有限公司,萬華區,臺北市萬華區西園路2段288之1號,25.0347287,121.4987907,檢驗站
370,承鋒車業行,萬華區,臺北市萬華區西園路2段67-2號,25.0347287,121.4987907,檢驗站
371,德客隆機車行,萬華區,臺北市萬華區西藏路170號1樓,25.030042,121.5033623,檢驗站
372,萬華國中地下停車場,萬華區,臺北市萬華區西藏路201號地下停車場,25.0292477,121.49882,公有停車場
373,協合國際行銷有限公司,萬華區,臺北市萬華區和平西路2段151號,25.0337786,121.5051264,檢驗站
374,豪成機車行,萬華區,臺北市萬華區和平西路2段190巷5號,25.0335466,121.5046923,檢驗站
375,昆明清潔分隊,萬華區,"臺北市萬華區和平西路3段251號1,2樓",25.0356424,121.494832,清潔隊
376,鑫東園車業有限公司,萬華區,臺北市萬華區東園街105號,25.0253674,121.4968424,檢驗站
377,東龍旺車業有限公司,萬華區,臺北市萬華區東園街133號,25.0249133,121.497057,檢驗站
378,大理清潔分隊,萬華區,臺北市萬華區長順街臨131號,25.031361,121.4907293,清潔隊
379,俊展車業,萬華區,臺北市萬華區青年路114號,25.022663,121.502465,車行
380,正勝車業行,萬華區,臺北市萬華區青年路152巷35號,25.0202371,121.50147,車行
381,青年公園棒球場地下停車場,萬華區,臺北市萬華區青年路69號,25.0237714,121.5029445,公有停車場
382,永振億實業有限公司,萬華區,臺北市萬華區柳州街87號,25.0368415,121.5051015,檢驗站
383,峨眉立體停車場,萬華區,臺北市萬華區峨眉街83號,25.0440285,121.5055721,公有停車場
384,健立車業有限公司,萬華區,臺北市萬華區桂林路206號,25.0383931,121.4968061,檢驗站
385,金里車行,萬華區,臺北市萬華區桂林路244巷57號,25.0365309,121.493129,檢驗站
386,葉山車行,萬華區,臺北市萬華區桂林路30號,25.0377099,121.5049613,檢驗站
387,青年公園高爾夫球場地下停車場,萬華區,臺北市萬華區國興路5號,25.0243329,121.5075346,公有停車場
388,得山車業有限公司,萬華區,臺北市萬華區康定路114號,25.0410039,121.5020302,檢驗站
389,大旺車行,萬華區,臺北市萬華區萬大路214號,25.0271577,121.5002996,檢驗站
390,友順機車行,萬華區,臺北市萬華區萬大路423巷26號,25.0211865,121.4995257,檢驗站
391,尚億車業有限公司,萬華區,臺北市萬華區萬大路500號,25.0194192,121.4971381,檢驗站
392,億林機車行,萬華區,臺北市萬華區艋舺大道416號,25.0291678,121.4922904,檢驗站
393,中華汽車雙園服務廠,萬華區,臺北市萬華區興寧街26號,25.0322237,121.5009401,中華汽車服務廠
394,洛陽停車場,萬華區,臺北市萬華區環河南路1段1號,25.0635865,121.5088501,公有停車場
395,聯耀機車行,萬華區,臺北市萬華區環河南路1段21號,25.0635865,121.5088501,檢驗站
396,漢中清潔分隊,萬華區,臺北市萬華區環河南路1段臨280之1號,25.0635865,121.5088501,清潔隊
397,車強機車行,萬華區,臺北市萬華區環河南路2段105號,25.0349011,121.4942044,檢驗站
398,祥和機車行,萬華區,臺北市萬華區環河南路2段117號,25.0346225,121.4939064,檢驗站
399,萬華國生車業,萬華區,臺北市萬華區環河南路2段154巷2號,25.0359188,121.4945772,車行
400,永盛機車行,萬華區,臺北市萬華區環河南路2段300號1樓,25.0314374,121.4906784,檢驗站
401,華中機車行,萬華區,臺北市萬華區雙和街75號,25.0275104,121.5008113,車行
