ID(序號),pm_name(公園名稱),pm_Longitude(經度),pm_Latitude(緯度),pm_unit(管理單位),pm_const_year(建造年度),pm_location(公園位置),pm_type(公園類別),pm_attributes(公園屬性)
1,前山公園,121.5484437,25.15057652,花卉試驗中心,1974,臺北市北投區建國街4號旁及紗帽路117號對面,公園,一般
2,陽明公園,121.5390112,25.15901675,花卉試驗中心,1950,臺北市北投區湖山路二段,公園,一般
3,湖山綠地,121.5438304,25.1517873,花卉試驗中心,1977,台北市北投區湖山路一段,綠地,一般
4,住六(公一)公園,121.5594925,25.13691396,花卉試驗中心,2011,臺北市陽明山住六(公一)重劃區  臺北市士林區富館街附近,公園,一般
5,住六(公二)公園,121.5576499,25.13760535,花卉試驗中心,2011,陽明山6-6重劃區(臺北市士林區草東街附近),公園,一般
6,花卉試驗中心,121.5444106,25.13501543,花卉試驗中心,1980,臺北市士林區仰德大道4段175巷32號,公園,一般
7,士林4號綠地,121.5462723,25.13688088,花卉試驗中心,1971,凱旋路與格致路交叉口,綠地,一般
8,九華公園,121.5613785,25.08859062,花卉試驗中心,1997,內湖路一段91巷39弄35-1號,公園,一般
9,下灣公園,121.5906982,25.06681061,花卉試驗中心,1999,內湖成功路二段189號旁,公園,一般
10,上灣公園,121.5958405,25.06546021,花卉試驗中心,1999,民權東路六段210巷43號旁,公園,一般
11,大坑公園,121.598706,25.069037,花卉試驗中心,2004,民權東路六段191巷50號對面,公園,一般
12,大港墘公園,121.5729968,25.0774149,花卉試驗中心,2018,台北市內湖區港墘里瑞光路393號,公園,共融
13,大湖公園,121.602695,25.082976,花卉試驗中心,1979,成功路五段31號,公園,一般
14,山腳公園,121.5799027,25.08408928,花卉試驗中心,1996,環山路三段18號對面,公園,一般
15,五分公園,121.6147919,25.0671196,花卉試驗中心,1991,安康路448號對面,公園,一般
16,內湖125號公園,121.6112595,25.06469917,花卉試驗中心,2003,南湖大橋東側與中山高速公路南側,公園,一般
17,文心公園,121.5841827,25.06545067,花卉試驗中心,1996,新湖二路及新湖三路交接處,公園,一般
18,文湖公園,121.560993,25.087427,花卉試驗中心,1998,內湖路1段91巷35弄40號對面,公園,一般
19,文德3號公園,121.5771179,25.07509041,花卉試驗中心,1995,內湖文德路50號至江南街71巷16弄,公園,一般
20,文德二號公園,121.5837402,25.07785988,花卉試驗中心,1996,文德路208巷旁,公園,一般
21,仙樹公園,121.5690002,25.08560944,花卉試驗中心,2001,環山路1段59巷14弄2號對面,公園,一般
22,北勢湖公園,121.5616837,25.08374977,花卉試驗中心,1996,內湖路一段66號旁(環保公園),公園,一般
23,安泰公園,121.6186371,25.07408905,花卉試驗中心,1992,安泰街45巷11弄旁,公園,一般
24,安康公園(下),121.6106186,25.06720924,花卉試驗中心,1990,康寧路三段220號南湖高中旁,公園,一般
25,安康公園(上),121.612381,25.06712914,花卉試驗中心,1989,康寧路三段245巷42號前,公園,一般
26,安湖三號公園,121.6156921,25.07041931,花卉試驗中心,1984,東湖路113巷49弄5號前,公園,一般
27,安湖公園,121.6154175,25.07402039,花卉試驗中心,2003,東湖路113巷141號前,公園,一般
28,行善公園,121.5755768,25.0532608,花卉試驗中心,1996,南京東路六段32號旁,公園,一般
29,西安公園,121.567482,25.08745003,花卉試驗中心,1991,環山路一段136巷10弄10號對面,公園,一般
30,西康二號公園,121.5639267,25.08498001,花卉試驗中心,2010,內湖路1段203巷25號,公園,一般
31,西康公園,121.5643921,25.08312035,花卉試驗中心,1988,內湖路一段217巷旁,公園,一般
32,西湖公園,121.5703888,25.08361054,花卉試驗中心,2001,內湖路一段387巷3弄5-11號旁(恕德家商旁),公園,一般
33,扶輪親恩公園,121.5797501,25.06670952,花卉試驗中心,1996,民權東路六段30號旁,公園,一般
34,明美公園,121.5861969,25.06221962,花卉試驗中心,2010,南京東路六段北側（羊稠小段五期重劃區）,公園,特色
35,東湖一號公園,121.6121368,25.07559967,花卉試驗中心,1984,康寧路三段189巷163弄17號前,公園,一般
36,東湖二號公園,121.6109238,25.07389069,花卉試驗中心,1984,康寧路三段99巷39弄27號前,公園,一般
37,東湖四號公園,121.6180801,25.07044983,花卉試驗中心,1984,康樂街110巷16弄20號(康樂派出所前),公園,一般
38,金瑞公園,121.5879517,25.08795929,花卉試驗中心,1987,金龍路213巷1弄28號前,公園,一般
39,金龍公園,121.590799,25.08543218,花卉試驗中心,1992,金龍路112巷旁(碧湖國小旁),公園,一般
40,長青公園,121.5817413,25.0809803,花卉試驗中心,2001,內湖路二段103巷34號旁,公園,一般
41,南湖一號公園,121.6110916,25.06913948,花卉試驗中心,1996,康寧路三段180巷22號對面(環保公園),公園,一般
42,洲子1號公園,121.5643387,25.07957077,花卉試驗中心,1996,臺北市內湖堤頂大道、基湖路交叉口（環保公園、六期重劃）,公園,一般
43,美善公園,121.5785828,25.05699921,花卉試驗中心,1996,行善路59巷20弄2號旁,公園,一般
44,畚箕湖公園,121.560064,25.089436,花卉試驗中心,2001,文湖街21巷84至90號對面,公園,一般
45,康湖二號公園,121.6088,25.074042,花卉試驗中心,2009,成功路五段450巷23弄23號旁,公園,一般
46,康湖公園,121.6087265,25.07468033,花卉試驗中心,2001,成功路五段420巷30號旁,公園,一般
47,康寧公園,121.6095886,25.0689106,花卉試驗中心,1990,民權東路六段296巷121號對面,公園,一般
48,清白公園,121.5952835,25.08169937,花卉試驗中心,2001,成功路四段167巷16號對面（康寧國小旁）,公園,一般
49,港都公園,121.5752335,25.0827198,花卉試驗中心,1989,港華街40號旁(麗山國中後),公園,一般
50,港華一號公園,121.573586,25.087734,花卉試驗中心,1983,環山路二段50巷2號旁,公園,一般
51,港華二號公園,121.5738373,25.08778954,花卉試驗中心,1983,環山路二段50巷11號旁,公園,一般
52,港華三號公園,121.575058,25.0866909,花卉試驗中心,1983,環山路二段68巷14號麗山活動中心旁,公園,一般
53,港華六號公園,121.5746231,25.08426094,花卉試驗中心,1983,港華街85巷21號前,公園,一般
54,港華四號公園,121.5752792,25.08653069,花卉試驗中心,1983,環山路二段68巷14號對面,公園,一般
55,港墘公園,121.576437,25.080978,花卉試驗中心,1985,內湖路一段667巷9號之1,公園,一般
56,游美公園,121.5971985,25.06459999,花卉試驗中心,2003,民權東路六段206巷143弄底,公園,一般
57,湖山9號公園,121.6035004,25.08522034,花卉試驗中心,1985,大湖山莊街42-56號間,公園,一般
58,湖山八號公園,121.6032715,25.08391953,花卉試驗中心,1983,大湖山莊街25號旁,公園,一般
59,湖山三號公園,121.6044693,25.08716011,花卉試驗中心,1983,大湖山莊街65巷北側,公園,一般
60,湖山五號公園,121.6008377,25.08157921,花卉試驗中心,1983,大湖街158巷39號旁,公園,一般
61,湖山六號公園,121.6018601,25.08309937,花卉試驗中心,1983,大湖街166巷24號對面(大湖派出所後方),公園,共融
62,湖山四號公園,121.6007538,25.08270073,花卉試驗中心,1983,大湖街160巷18弄2號對面,公園,一般
63,湖元公園,121.5870209,25.06822968,花卉試驗中心,1996,民權東路六段120巷3弄1號對面,公園,一般
64,湖畔公園,121.601473,25.088247,花卉試驗中心,2005,大湖山莊街177巷1號對面,公園,一般
65,湖聖公園,121.5917664,25.06977081,花卉試驗中心,1998,民權東路六段123巷20弄23號前,公園,一般
66,湖興公園,121.589592,25.06693077,花卉試驗中心,1993,成功路二段312巷62號對面,公園,一般
67,湖寶公園,121.5995636,25.0666008,花卉試驗中心,2010,民權東路六段228號西側,公園,一般
68,陽光公園,121.586719,25.076736,花卉試驗中心,1992,陽光街68巷口北側,公園,一般
69,新明公園,121.5788117,25.05413055,花卉試驗中心,1986,新明路428巷13號對面,公園,一般
70,煙波庭公園,121.5992508,25.08633995,花卉試驗中心,1996,大湖街131巷18弄61號對面,公園,一般
71,瑞光公園,121.5776825,25.07118034,花卉試驗中心,2004,瑞光路132巷旁內（六期重劃區）,公園,一般
72,瑞湖公園,121.576889,25.06930924,花卉試驗中心,1998,民權東路六段19巷底,公園,一般
73,瑞陽公園,121.579352,25.07751,花卉試驗中心,1983,文德路22巷10號對面,公園,一般
74,碧山公園,121.5919571,25.08708,花卉試驗中心,1982,內湖路三段60巷10號前,公園,一般
75,碧湖公園,121.5842896,25.08218956,花卉試驗中心,1987,內湖路二段175號，國立臺灣戲曲學院旁,公園,共融
76,福壽公園,121.5965576,25.07980919,花卉試驗中心,1996,星雲街150巷18號旁,公園,一般
77,翠湖公園,121.602107,25.08626,花卉試驗中心,1997,大湖山莊街117號至147號後面,公園,一般
78,樂活公園,121.618814,25.068244,花卉試驗中心,2003,康樂街61巷15弄旁,公園,共融
79,樂康公園,121.620697,25.07007027,花卉試驗中心,1984,康樂街61巷73弄24號對面,公園,一般
80,環東公園,121.5429306,25.04372978,花卉試驗中心,1996,南京東路六段北側與堤頂大道交叉口,公園,一般
81,麗湖公園,121.599282,25.073539,花卉試驗中心,2001,金湖路363巷67弄63號對面(四期重劃),公園,一般
82,寶湖公園,121.598514,25.067328,花卉試驗中心,2017,民權隧道西側(民權東路六段),公園,一般
83,石潭公園,121.5932083,25.06311989,花卉試驗中心,1998,內湖成功路二段東側（麥帥公路兩側）,綠地,共融
84,紫陽綠地,121.5867996,25.07641029,花卉試驗中心,1991,臺北市內湖區陽光街55號、內湖高中後面,綠地,特色
85,潭美公園,121.5816803,25.05701065,花卉試驗中心,1996,新明路298巷16弄起至成功路2段潭美國小旁,綠地,一般
86,麗湖綠地,121.600509,25.073374,花卉試驗中心,2009,金湖路363巷51弄口,綠地,一般
87,大理公園,121.49366,25.03413963,青年公園管理所,1984,環河南路二段125巷口,公園,一般
88,寺前公園,121.4992065,25.03354073,青年公園管理所,1986,西園路一段282-2號(萬華火車站新站旁),公園,一般
89,老松公園,121.502739,25.03852081,青年公園管理所,1971,桂林路與永福街之間(老松國小對面),公園,特色
90,西園公園,121.4965363,25.02639008,青年公園管理所,1977,東園街67巷及73巷之間(西園國小對面),公園,一般
91,孝德公園,121.49425,25.024124,青年公園管理所,2016,臺北市萬華區寶興街140巷17弄,公園,一般
92,和平青草園(原萬華402號公園),121.4972076,25.03265953,青年公園管理所,2006,西園路一段與艋舺大道交叉口,公園,共融
93,東園公園,121.4952469,25.02095032,青年公園管理所,1974,萬大路424巷及486巷68弄之間,公園,一般
94,長沙公園,121.4999237,25.04150009,青年公園管理所,1979,環河南路一段、長沙街二段交口,公園,特色
95,長順公園,121.4890289,25.03185082,青年公園管理所,2009,長順街46巷旁,公園,一般
96,青山公園,121.4983063,25.03936958,青年公園管理所,2006,華西街8號旁,公園,一般
97,青年公園,121.505867,25.02511025,青年公園管理所,1975,臺北市水源路199號,公園,一般
98,保德公園,121.497467,25.02279091,青年公園管理所,2007,東園街154巷旁,公園,一般
99,柳鄉公園,121.4954376,25.03726006,青年公園管理所,1983,環河南路二段100巷內,公園,一般
100,桂林公園,121.4968185,25.03890991,青年公園管理所,1993,環河南路二段與桂林路交口,公園,一般
101,華江一號公園,121.4941101,25.03589058,青年公園管理所,1977,和平西路三段309巷與環河南路二段158巷間,公園,一般
102,華江七號公園,121.4934006,25.03499031,青年公園管理所,1984,和平西路三段302巷1號,公園,一般
103,華江二號公園,121.494085,25.035864,青年公園管理所,1977,環河南路二段154、156、158巷間,公園,一般
104,華江八號公園,121.4926834,25.03405953,青年公園管理所,1984,環河南路二段250巷28弄旁,公園,一般
105,華西公園,121.4986572,25.03866959,青年公園管理所,1987,華西街21巷內(桂林路與華西街口),公園,一般
106,新糖廍公園(糖廍文化園區),121.4946463,25.03354906,青年公園管理所,2009,大理街160巷旁,公園,特色
107,壽德公園,121.5011368,25.02442932,青年公園管理所,2008,萬青街118巷旁,公園,一般
108,福星公園,121.5059128,25.0460701,青年公園管理所,2001,漢口街與昆明街交叉口,公園,一般
109,綠堤公園,121.492897,25.03321075,青年公園管理所,1984,環河南路二段159巷邊,公園,一般
110,聚德公園,121.4947205,25.03488922,青年公園管理所,1977,大理街175巷及和平西路三段286巷1弄間,公園,一般
111,艋舺公園,121.4999117,25.03603785,青年公園管理所,2004,"廣州街,西園路交叉口.(原龍山寺公園)",公園,一般
112,糖廍公園,121.4946526,25.03439311,青年公園管理所,2022,大理街175巷內,公園,特色
113,錦德公園,121.492363,25.02330017,青年公園管理所,2005,德昌街與西園路二段281巷交叉口,公園,共融
114,二二八和平公園,121.514297,25.042286,青年公園管理所,1899,凱達格蘭大道3號,公園,特色
115,中央藝文公園,121.526856,25.046272,青年公園管理所,2005,北平東路30號前,公園,共融
116,介壽公園,121.5146332,25.03926086,青年公園管理所,1963,凱達格蘭大道西側，總統府前,公園,一般
117,文光公園,121.5308533,25.03903961,青年公園管理所,1985,仁愛路二段65巷1弄口,公園,一般
118,文盛公園,121.5321198,25.0161705,青年公園管理所,1986,羅斯福路三段284巷1號前,公園,一般
119,永昌公園,121.5099564,25.02622986,青年公園管理所,1985,寧波西街181巷30號前,公園,特色
120,永福公園,121.532098,25.009801,青年公園管理所,1995,福和橋邊，基隆路汀州路口,公園,一般
121,忠孝公園,121.5320206,25.04183006,青年公園管理所,1973,忠孝東路二段134巷對面,公園,一般
122,信愛公園,121.5287628,25.0349102,青年公園管理所,1984,臨沂街75巷11號,公園,一般
123,南昌公園,121.5202026,25.02681923,青年公園管理所,1979,南昌路二段與和平西路一段交口,公園,特色
124,牯嶺公園,121.5186768,25.02312088,青年公園管理所,1983,牯嶺街141號前,公園,特色
125,連雲公園,121.5318222,25.03520966,青年公園管理所,1979,連雲街37巷與新生南路一段146巷交口.,公園,共融
126,逸仙公園,121.5200272,25.04770088,青年公園管理所,1988,北平西路，中山北路口,公園,一般
127,齊東公園,121.5282974,25.04174995,青年公園管理所,1979,齊東街53巷巷口.,公園,共融
128,黎明公園,121.5155563,25.04413986,青年公園管理所,1983,南陽街38巷5號前,公園,一般
129,螢橋公園,121.5172501,25.02672005,青年公園管理所,2008,和平西路1段116號,公園,一般
130,瑠公公園,121.545723,25.0424099,青年公園管理所,1980,復興南路1段135巷與大安路1段路口,公園,特色
131,瑠公圳公園,121.5431213,25.04360962,青年公園管理所,1981,復興南路至建國南路,公園,共融
132,大安公園,121.5428085,25.04276085,青年公園管理所,1983,安東街.復興南路1段126巷內,公園,一般
133,大安森林公園,121.5358429,25.0333004,青年公園管理所,1994,"新生南路以東,信義路三段以南",公園,共融
134,大學公園,121.532898,25.02190971,青年公園管理所,1980,溫州街46巷,公園,一般
135,仁慈公園,121.5457077,25.0341301,青年公園管理所,1982,大安路1段224巷口,公園,一般
136,仁愛公園,121.5462418,25.03661919,青年公園管理所,1979,大安路1段169巷,公園,一般
137,公館公園,121.5407911,25.01142672,青年公園管理所,1997,羅斯福路4段113巷內,公園,一般
138,古風公園,121.5290527,25.02197075,青年公園管理所,1992,龍泉街108號對面,公園,一般
139,古莊公園,121.5282135,25.02272987,青年公園管理所,1982,師大路92巷內,公園,一般
140,四維公園,121.5453262,25.03063011,青年公園管理所,1980,瑞安街23巷24弄,公園,一般
141,平安公園,121.5493164,25.03195953,青年公園管理所,1990,敦化南路2段37巷旁,公園,一般
142,民榮公園,121.5356979,25.03540039,青年公園管理所,1984,新生南路1段157巷19號,公園,一般
143,民輝公園,121.5350571,25.03951073,青年公園管理所,1984,仁愛路3段5巷3弄18號,公園,一般
144,永康公園,121.5297165,25.03162003,青年公園管理所,1971,永康街17巷口,公園,一般
145,光信公園,121.5558014,25.03556061,青年公園管理所,1983,延吉街241號,公園,一般
146,全安公園,121.5512085,25.02545929,青年公園管理所,1987,和平東路3段119巷15號對面,公園,一般
147,安東公園,121.5448227,25.02893066,青年公園管理所,1973,復興南路2段125巷20弄,公園,一般
148,安祥公園,121.5427322,25.03454018,青年公園管理所,1987,信義路3段157巷10弄,公園,一般
149,辛亥一號公園,121.5326614,25.0227108,青年公園管理所,1980,溫州街30巷14號,公園,一般
150,和平公園,121.5425186,25.02349091,青年公園管理所,1979,和平東路2段118巷6弄,公園,一般
151,和安公園,121.5444794,25.03450966,青年公園管理所,1980,復興南路1段313巷,公園,共融
152,居安公園,121.5493317,25.02968025,青年公園管理所,1985,敦化南路2段81巷口右側,公園,一般
153,延吉公園,121.5557709,25.04257011,青年公園管理所,1982,延吉街131巷,公園,一般
154,昌隆公園,121.5357132,25.0437603,青年公園管理所,2006,市民大道與建國南路交叉口,公園,一般
155,東豐公園,121.5448608,25.03577995,青年公園管理所,1988,復興南路1段279巷,公園,一般
156,法治公園,121.5529175,25.02691078,青年公園管理所,1977,通化街186巷,公園,一般
157,臥龍公園,121.5498886,25.01670075,青年公園管理所,1985,卧龍街118巷辛亥路3段交叉口,公園,一般
158,虎嘯公園,121.5492783,25.0225296,青年公園管理所,1987,敦化南路2段319號旁,公園,一般
159,金山公園,121.5247561,25.0309598,青年公園管理所,1987,金山南路二段92巷底,公園,特色
160,金杭公園,121.5268771,25.03290038,青年公園管理所,2017,金山南路二段30巷,公園,特色
161,金華公園,121.5311737,25.02959061,青年公園管理所,1998,金華街164巷1弄3號,公園,一般
162,附中公園,121.5422592,25.03634071,青年公園管理所,1998,信義路3段147巷內,公園,一般
163,青峰公園,121.5514069,25.01569939,青年公園管理所,1985,辛亥路3段239號邊,公園,一般
164,師大公園,121.5283737,25.02459908,青年公園管理所,1970,師大路浦城街口,公園,一般
165,泰順公園,121.5316391,25.02462006,青年公園管理所,2000,泰順街27巷旁,公園,一般
166,通化公園,121.5545578,25.03215981,青年公園管理所,1987,文昌街與通化街口,公園,一般
167,富陽自然生態公園,121.557488,25.016674,青年公園管理所,2005,富陽街底、聯勤彈葯庫舊址,公園,一般
168,敦仁公園,121.5469087,25.04040191,青年公園管理所,2017,敦化南路1段236巷與仁愛路4段71巷交口,公園,特色
169,敦安公園,121.5537033,25.03446007,青年公園管理所,1981,信義路四段265巷12弄,公園,特色
170,敦親公園,121.5409088,25.0226593,青年公園管理所,1983,和平東路2段96巷底,公園,一般
171,新龍公園,121.5401611,25.02765083,青年公園管理所,1986,台北市大安區瑞安街214巷,公園,一般
172,溫州公園,121.5313416,25.01880074,青年公園管理所,1972,羅斯福路3段283巷與新生南路3段86巷交叉口,公園,一般
173,瑞安公園,121.5393524,25.02613068,青年公園管理所,1980,瑞安街155巷口,公園,一般
174,群賢公園,121.5465698,25.02540016,青年公園管理所,1986,和平東路2段311巷43弄,公園,一般
175,誠安公園,121.5409088,25.04249001,青年公園管理所,1986,忠孝東路3段237巷,公園,一般
176,嘉興公園,121.5519486,25.02136993,青年公園管理所,1975,樂業街與嘉興街口,公園,一般
177,寧馨公園,121.533493,25.04434967,青年公園管理所,1988,八德路2段台北科大北側,公園,一般
178,福州山公園,121.5516129,25.01589012,青年公園管理所,2001,辛亥路三段、興隆超市旁(福州山),公園,一般
179,德安公園,121.5477753,25.03487968,青年公園管理所,1989,四維路52巷,公園,一般
180,黎孝公園,121.5559921,25.01976013,青年公園管理所,1977,和平東路3段308巷15弄,公園,一般
181,黎和生態公園,121.560002,25.015128,青年公園管理所,2018,和平東路3段512巷底,公園,一般
182,錦安公園,121.5279465,25.0279808,青年公園管理所,1983,金山南路2段203巷及麗水街口,公園,共融
183,龍生公園,121.5413971,25.02601051,青年公園管理所,1987,和平東路二段175巷內,公園,一般
184,龍門公園,121.5366821,25.02425957,青年公園管理所,1985,建國南路2段308巷,公園,一般
185,龍陣一號公園,121.5425415,25.0275898,青年公園管理所,1982,復興南路2段180巷15弄,公園,一般
186,龍陣二號公園,121.5424881,25.02923966,青年公園管理所,1985,瑞安街61號,公園,一般
187,龍圖公園,121.5416031,25.03049088,青年公園管理所,1982,復興南路2段78巷42弄,公園,一般
188,臨江公園,121.5557404,25.0281601,青年公園管理所,1980,基隆路2段132巷13號,公園,一般
189,三張里公園,121.5667267,25.03092957,南港公園管理所,2003,松平路77號旁,公園,一般
190,三犁公園,121.5700226,25.02977943,南港公園管理所,1993,信義路五段150巷14弄旁,公園,特色
191,三興公園,121.5595474,25.02857971,南港公園管理所,1980,吳興街156巷40弄與吳興街118巷間,公園,一般
192,中全公園,121.5748901,25.03858948,南港公園管理所,1985,虎林街164巷與松德路邊,公園,一般
193,中興公園,121.5592499,25.03426933,南港公園管理所,1981,基隆路一段380巷 與光復南路473巷旁,公園,一般
194,五分埔公園,121.580101,25.04693985,南港公園管理所,1995,中坡北路、松隆路口(松山車站前),公園,共融
195,五常公園,121.5743408,25.04768944,南港公園管理所,1984,松隆路272號與永吉路225巷邊,公園,特色
196,四育公園,121.5751419,25.04676056,南港公園管理所,1987,虎林街50巷與永吉路321巷邊,公園,特色
197,永吉公園,121.5750427,25.04359055,南港公園管理所,1978,永吉路278巷57弄內,公園,一般
198,永春公園,121.5791168,25.04229927,南港公園管理所,1982,忠孝東路五段703巷1弄與松山路393巷,公園,一般
199,永春陂濕地公園,121.580069,25.032812,南港公園管理所,2020,松山路松山家商旁,公園,一般
200,永春崗公園,121.5775909,25.03170967,南港公園管理所,1980,信義區松山路656巷2號旁,公園,特色
201,交五,121.5741501,25.0492096,南港公園管理所,2013,信義區市民大道六段（松信路至虎林街）,公園,一般
202,安強公園,121.5753403,25.03668976,南港公園管理所,1991,虎林街202巷66弄,公園,一般
203,吳興公園,121.5679398,25.02329063,南港公園管理所,1978,吳興街432巷114號,公園,一般
204,念儒公園,121.573761,25.03771973,南港公園管理所,1992,忠孝東路五段236巷37弄底,公園,一般
205,林口公園,121.578949,25.03906059,南港公園管理所,1980,松山路515巷,公園,一般
206,松友公園,121.576149,25.03391075,南港公園管理所,1986,信義路六段76巷2弄,公園,一般
207,松壽廣場,121.5660782,25.03738976,南港公園管理所,1995,松智路右側(信義計畫區),公園,一般
208,松德公園,121.573288,25.03602028,南港公園管理所,1991,信義區松德路180巷8之1號對面,公園,共融
209,虎林公園,121.5772934,25.03148079,南港公園管理所,1987,信義路六段76巷8弄與松德路307巷,公園,一般
210,信義安康公園,121.5700684,25.03572083,南港公園管理所,2005,信義區松勇路47號旁,公園,一般
211,春光公園,121.5807419,25.04223061,南港公園管理所,1986,忠孝東路五段、林口街口,公園,一般
212,革新公園,121.5673676,25.04383087,南港公園管理所,1987,基隆路一段109巷與松隆路邊,公園,一般
213,泰和公園,121.5681992,25.02313995,南港公園管理所,1980,吳興街583巷與600巷67弄間,公園,一般
214,眷村文化公園,121.5617523,25.0316391,南港公園管理所,2002,松勤路與莊敬路交口,公園,共融
215,富台公園,121.5722427,25.04207039,南港公園管理所,1980,"松信路,虎林街120巷交叉口",公園,一般
216,富生1號公園,121.5698486,25.04222919,南港公園管理所,1988 ,永吉路30巷167弄底,公園,一般
217,富生2號公園,121.5696237,25.04238053,南港公園管理所,1988,永吉路30巷157弄底,公園,一般
218,富生公園,121.5698471,25.04208946,南港公園管理所,1988,永吉路30巷167弄底,公園,一般
219,惠安公園,121.564621,25.02454948,南港公園管理所,1991,吳興街320巷65號前,公園,一般
220,景平公園,121.563942,25.02989006,南港公園管理所,1984,莊敬路289巷口,公園,一般
221,景勤1號公園,121.560257,25.02633095,南港公園管理所,2006,吳興街220巷59弄旁(台北醫學院斜對),公園,一般
222,景勤2號公園,121.5574875,25.02603912,南港公園管理所,2020,信義區嘉興街181巷21號對面,公園,一般
223,象山公園,121.5700913,25.03041077,南港公園管理所,1987,信義區信義路5段150巷,公園,共融
224,雅祥公園,121.5718308,25.04756928,南港公園管理所,1983,松信路與基隆路一段35巷7弄邊,公園,一般
225,福祥公園,121.5705032,25.04603958,南港公園管理所,1987,永吉路127巷與松隆路99號邊,公園,一般
226,福德公園,121.5818481,25.03824043,南港公園管理所,1984,福德街與大道路口,公園,一般
227,黎忠公園,121.559372,25.01907921,南港公園管理所,1977,和平東路三段435巷7弄,公園,一般
228,黎富公園,121.5567017,25.02100945,南港公園管理所,1977,富陽街92號前,公園,一般
229,黎雙公園,121.5634689,25.02498055,南港公園管理所,1995,吳興街284巷22弄(北醫南側),公園,一般
230,糶米公園,121.572468,25.018614,南港公園管理所,2020,吳興街600巷旁,公園,特色
231,交六,121.5708695,25.04932976,南港公園管理所,2013,市民大道6段(松信路至基隆路一段間),綠地,一般
232,市民廣場,121.5627518,25.03664017,南港公園管理所,1995,信義區市府路1號對面,廣場,一般
233,忠信廣場,121.5679092,25.0405407,南港公園管理所,2001,忠孝東路與松仁路交叉口(信義計畫區),廣場,一般
234,信義廣場,121.56604,25.03347969,南港公園管理所,2003,松智路與信義路交叉口(信義計畫區),廣場,一般
235,三重世貿公園,121.615387,25.05792999,南港公園管理所,2011,南港區經貿二路106巷,公園,共融
236,中南公園,121.6154709,25.05121994,南港公園管理所,1967,忠孝東路七段596巷中南社區東側山坡上,公園,一般
237,中研公園,121.6130524,25.04689026,南港公園管理所,1989,南港區研究路2段12巷58弄,公園,共融
238,中興公園,121.6148529,25.0442009,南港公園管理所,2010,研究院路二段98巷,公園,一般
239,六福公園,121.6165085,25.04726028,南港公園管理所,1989,研究院路二段35巷23弄,公園,一般
240,四分河濱公園,121.6156921,25.04862976,南港公園管理所,2002,南港區研究院路2段2巷54弄,公園,一般
241,市民公園,121.5817337,25.0492897,南港公園管理所,2012,玉成街38巷東北側，東新街12巷南側,公園,一般
242,玉成公園,121.5855026,25.04254913,南港公園管理所,1982,南港區中坡南路55號,公園,共融
243,玉東公園,121.584156,25.050188,南港公園管理所,2017,東新街與市民大道交叉口,公園,一般
244,合成公園,121.5811386,25.04509926,南港公園管理所,1987,永吉路536巷與中坡北路交叉口,公園,一般
245,合樂公園,121.5818863,25.04850006,南港公園管理所,2004,玉成街(原南隆鐵工廠),公園,一般
246,百福公園,121.5885391,25.03793907,南港公園管理所,1984,福德街309巷19號對面,公園,特色
247,幸福公園,121.6160507,25.04602051,南港公園管理所,2002,研究院路二段35巷旁交通資訊:公車圓拱橋站步行約3分鐘,公園,一般
248,昆陽公園,121.5942001,25.04871941,南港公園管理所,2009,昆陽街171巷1-5弄東側、龍華路南側,公園,一般
249,東坡公園,121.5933075,25.04523087,南港公園管理所,1994,東新街170巷5號後側,公園,一般
250,東明公園,121.6036377,25.05480003,南港公園管理所,1992,南港路二段86巷9弄,公園,一般
251,東陽公園,121.6037369,25.0574398,南港公園管理所,1999,臺北市南港區重陽路187巷旁,公園,共融
252,南汐公園,121.617691,25.05467987,南港公園管理所,1991,南港路一段與研究路一段交叉口,公園,一般
253,南港公園,121.5919113,25.04306984,南港公園管理所,1987,南港區東新街170之1號,公園,共融
254,南興公園,121.6069031,25.05401993,南港公園管理所,1978,南港路一段360號南側交通資訊:公車南港行政中心站旁，或捷運南港站、臺鐵南港站步行約5分鐘,公園,特色
255,後山埤公園,121.5899506,25.04371071,南港公園管理所,2007,南港區東新街170之1號,公園,一般
256,胡適公園,121.6179123,25.03992081,南港公園管理所,1973,南港區研究院路2段130號對面,公園,一般
257,重陽公園,121.5991516,25.05620003,南港公園管理所,1995,臺北市南港區重陽路120號旁交通資訊:公車中國電視公司站旁,公園,一般
258,理想公園,121.6215897,25.03986931,南港公園管理所,1989,舊莊街一段145巷6弄28號交通資訊:公車舊莊國小站步行約3分鐘,公園,一般
259,瓶蓋印象公園,121.606226,25.053719,南港公園管理所,2016,南港區興華路、市民大道口,公園,一般
260,港後公園,121.6153793,25.06274986,南港公園管理所,2003,臺北市南港區經貿二路255巷交通資訊:公車南港軟體園區北站步行約3分鐘，或捷運南港展覽館站步行約15,公園,一般
261,湧聲公園,121.5927582,25.04327965,南港公園管理所,2010,東新街170巷(自辦重劃區),公園,一般
262,新勝公園,121.5931625,25.04884911,南港公園管理所,1987,昆陽街152巷33號,公園,一般
263,新富公園,121.6169586,25.05303001,南港公園管理所,1980,研究院路一段65巷交通資訊:誠正國中公車站步行約3分鐘，或捷運南港展覽館站步行約10分鐘,公園,一般
264,新新公園,121.588752,25.051391,南港公園管理所,2016,南港路三段109巷南側,公園,共融
265,萬福公園,121.5844498,25.04624939,南港公園管理所,1984,忠孝東路六段70巷10號對面,公園,特色
266,經貿公園,121.6163635,25.06258011,南港公園管理所,2003,臺北市南港區經園街66號前 交通資訊:公車南港軟體園區北站步行約3分鐘，或捷運南港展覽館站步行約15,公園,一般
267,福山公園,121.6178513,25.04470062,南港公園管理所,1992,研究院路二段61巷1弄16號交通資訊：公車中研院站步行約3分鐘,公園,一般
268,興南公園,121.5973969,25.05512047,南港公園管理所,1987,興南街與重陽路交叉口交通資訊:搭乘公車紅32605副線至興華路站步行約3分鐘即可到達搭乘捷運捷運至捷,公園,一般
269,興華公園,121.6047897,25.05677033,南港公園管理所,1988,興華路114巷交通資訊:公車興華路站步行約3分鐘，或捷運南港站、臺鐵南港站步行約15分鐘,公園,一般
270,錫口廊道,121.5799314,25.05100657,南港公園管理所,2012,南港區南港路三段與八德路四段交界,公園,一般
271,聯成公園,121.5872192,25.04659081,南港公園管理所,1981,忠孝東路六段250巷1弄,公園,共融
272,舊莊公園,121.6202698,25.04137039,南港公園管理所,1988,舊莊街一段145巷12號前交通資訊:公車舊莊國小站步行約3分鐘,公園,一般
273,140高地,121.569603,25.00358009,南港公園管理所,2004.2006;,文山區萬寧街125號,公園,一般
274,久康公園,121.5645828,24.98934937,南港公園管理所,1988,久康街39號,公園,一般
275,小坑1號公園,121.585228,24.98337936,南港公園管理所,2003,萬壽路旁，木柵二期重劃區內,公園,一般
276,文山(景美)49號公園,121.5478516,24.99588966,南港公園管理所,2012,景華街128巷3弄旁,公園,一般
277,文山木柵59號公園,121.5825806,24.98526001,南港公園管理所,2006;2000;1999,台北市指南路二段225巷旁,公園,一般
278,文山森林公園,121.548322,25.00435,南港公園管理所,2022,臺北市文山區福興路95巷,公園,一般
279,木南公園,121.5708389,24.9865303,南港公園管理所,1995,木新路2段43巷1號旁,公園,一般
280,木柵公園,121.560463,24.98694992,南港公園管理所,1980;1993;2013,文山區興隆路4段50號,公園,一般
281,木新公園,121.5580368,24.9822197,南港公園管理所,1986,木新路3段278巷7弄11號對面,公園,一般
282,木榮公園,121.5686569,24.98464012,南港公園管理所,1992,保儀路129號(景文高中後門邊),公園,一般
283,水景公園,121.5868378,24.98698044,南港公園管理所,2004,政大一街與政大二街間,公園,一般
284,仙岩公園,121.5493622,24.99797058,南港公園管理所,1982,仙岩路16巷36號,公園,一般
285,光明公園,121.5547104,24.98646927,南港公園管理所,1979,下崙路與光輝路口,公園,一般
286,光輝公園,121.5558395,24.98612022,南港公園管理所,1979,光輝路9-1號前,公園,一般
287,辛亥生態公園,121.556764,25.003685,南港公園管理所,2020,辛亥路四段至興德路間,公園,共融
288,坡內坑公園,121.5765533,25.00497055,南港公園管理所,2001,木柵路四段159巷內,公園,一般
289,忠順公園,121.561142,24.98314095,南港公園管理所,1985,興隆路4段96巷底,公園,一般
290,忠順萊茵公園,121.5653687,24.98678017,南港公園管理所,2012,興隆路四段109巷旁,公園,一般
291,明義公園,121.5609818,24.98806953,南港公園管理所,2005,興隆路4段101巷口,公園,一般
292,芳寧公園,121.5632782,25.00452995,南港公園管理所,2004,和平東路四段與萬寧街交叉口,公園,一般
293,保儀公園,121.5634689,24.98353958,南港公園管理所,1987,木新路3段50巷、70巷內,公園,一般
294,恆光公園,121.5675888,24.98241043,南港公園管理所,1987,木新路2段211巷10弄8號前,公園,一般
295,原野運動公園,121.571373,24.99712944,南港公園管理所,1996,萬芳路木柵高工旁,公園,一般
296,博嘉公園,121.5735397,25.00045013,南港公園管理所,1995,軍功路47巷55號之8旁,公園,一般
297,景仁公園,121.5401001,24.99666977,南港公園管理所,1985,景仁街1巷16號,公園,一般
298,景行公園,121.542778,24.99251938,南港公園管理所,1984,景中街景美國中對面,公園,一般
299,景美公園(原萬慶公園),121.5375977,24.99402046,南港公園管理所,1991.2008.2012,文山區育英街45巷旁,公園,共融
300,景美運動公園,121.5445175,25.00254059,南港公園管理所,2006,文山區景豐街80號旁,公園,一般
301,景華公園,121.5437927,24.99518967,南港公園管理所,1997,文山區景華街55號,公園,共融
302,景福公園,121.5403214,24.99567986,南港公園管理所,1995,溪口街36巷內,公園,一般
303,景豐公園,121.5450516,25.0001297,南港公園管理所,1981,興隆路1段251號3弄,公園,一般
304,華興公園,121.5504684,24.98917007,南港公園管理所,1984,試院路4巷內,公園,一般
305,順興公園綠地,121.5643768,24.98608971,南港公園管理所,1994,興隆路四段109巷92弄旁,公園,一般
306,新榮公園,121.570221,24.98332977,南港公園管理所,1990,木新路2段111巷底,公園,一般
307,椰城公園,121.5687027,25.0063591,南港公園管理所,1996,和平東路四段101巷6弄21號,公園,一般
308,萬年1號公園,121.5362015,25.00569916,南港公園管理所,1981,汀州路4段122至146號對面,公園,一般
309,萬年2號公園,121.5362015,25.00569916,南港公園管理所,1986,汀州路4段122至146號對面,公園,一般
310,萬年3號公園,121.5369263,25.00704002,南港公園管理所,1986,汀州路4段105巷口,公園,一般
311,萬有1號公園,121.5429535,24.99983025,南港公園管理所,1985,興隆路1段202巷,公園,一般
312,萬有2號公園,121.5419006,25.00070953,南港公園管理所,1986,景明街11巷6弄8號前,公園,一般
313,萬有3號公園,121.5430985,24.99872017,南港公園管理所,1988,景隆街107號前,公園,一般
314,萬和1號公園,121.5363236,25.00049019,南港公園管理所,1980,萬隆街1至71號對面,公園,一般
315,萬和2號公園,121.5365372,25.00148964,南港公園管理所,1980,萬隆街72至80號對面,公園,一般
316,萬和3號公園,121.5363388,25.00381088,南港公園管理所,1980,羅斯福路5段192巷33號至218巷2號對面,公園,一般
317,萬芳10號公園,121.5624924,25.00164986,南港公園管理所,1985,文山區萬美街1段121號(往公訓中心方向),公園,一般
318,萬芳11號公園,121.5630798,25.00304985,南港公園管理所,1985,文山區萬美街2段2號,公園,一般
319,萬芳12號公園,121.5635834,25.00147057,南港公園管理所,1990,萬利街30巷24至32號對面,公園,一般
320,萬芳13號公園,121.5653992,25.00172997,南港公園管理所,1995,萬美街1段與萬樂街口,公園,一般
321,萬芳14號公園,121.5653305,25.00032044,南港公園管理所,1995,萬利街33號邊,公園,一般
322,萬芳1號公園,121.5667267,24.99986076,南港公園管理所,1984,萬利街4號邊,公園,一般
323,萬芳2號公園,121.5667725,24.99920082,南港公園管理所,1984,萬芳路與萬利街口,公園,一般
324,萬芳3號公園,121.5671005,24.99925041,南港公園管理所,1984,萬芳路與萬利街口,公園,一般
325,萬芳4號公園,121.5675278,25.00153923,南港公園管理所,1984,文山區萬和街1號對面,公園,共融
326,萬芳6號公園,121.5691834,24.99950028,南港公園管理所,1984,萬芳路與萬和街口,公園,一般
327,萬芳7號公園,121.5661621,25.00157929,南港公園管理所,1984,文山區萬美街1段36號旁,公園,一般
328,萬芳8號公園,121.560463,25.0030098,南港公園管理所,1985,萬芳社區萬美街與興德路之間(公訓處前),公園,一般
329,萬芳9號公園,121.5614777,25.00177956,南港公園管理所,1985,文山區萬美街1段121號旁,公園,一般
330,萬盛公園,121.5410614,25.00514984,南港公園管理所,1985,萬盛街130巷口,公園,一般
331,萬壽1號公園,121.5892181,24.98747063,南港公園管理所,2001,萬壽路61巷旁，棲霞山莊旁,公園,一般
332,萬壽2號公園,121.5895615,24.98736954,南港公園管理所,2001,萬壽路61巷旁，棲霞山莊旁,公園,一般
333,萬壽3號公園,121.5860825,24.98542023,南港公園管理所,2006,萬壽路與政大一街間,公園,一般
334,萬興櫻花生態景觀公園,121.5731031,24.9915411,南港公園管理所,2016,新光路一段66巷6弄,公園,一般
335,試院公園,121.5473175,24.98778915,南港公園管理所,1983,木柵路1段89巷,公園,一般
336,福興公園,121.5481567,25.00399971,南港公園管理所,2000,福興路63巷4號,公園,一般
337,樟林公園,121.5592117,24.98464012,南港公園管理所,1991,忠順街1段121巷7弄12號前,公園,一般
338,樟新公園,121.5569534,24.97919083,南港公園管理所,1987,一壽街49之3號,公園,一般
339,樟樹公園,121.559372,24.98271942,南港公園管理所,1990,忠順街1段26巷26弄口,公園,一般
340,樟興公園,121.5541229,24.98067093,南港公園管理所,2000,木新路3段與辛亥路7段口,公園,一般
341,興旺公園,121.5504608,25.0058403,南港公園管理所,1987,福興路82巷內,公園,一般
342,興家公園,121.5608215,24.99473,南港公園管理所,2014,興隆路三段207巷10弄旁,公園,一般
343,興泰公園,121.555481,25.00481033,南港公園管理所,2000；2012,辛亥路四段166巷內,公園,一般
344,興隆公園,121.5510864,25.00013924,南港公園管理所,1975,文山區仙岩路128號,公園,共融
345,興福公園,121.5459671,24.9971199,南港公園管理所,1986,景華街121巷底,公園,一般
346,興豐公園,121.5512695,25.00019074,南港公園管理所,1983,興隆路2段123號旁,公園,一般
347,清溪綠地,121.5805512,24.98506928,南港公園管理所,1999,指南路二段225巷旁,綠地,一般
348,七虎公園,121.5020599,25.13649941,陽明山公園管理所,1994,育仁路108號（薇閣小學旁）,公園,共融
349,七星公園,121.5030212,25.13661957,陽明山公園管理所,2008,光明路、中山路交叉口（新北投捷運站）,公園,一般
350,八仙公園,121.502916,25.120286,陽明山公園管理所,1996,公館路423巷8弄,公園,一般
351,大豐公園,121.5037308,25.13194084,陽明山公園管理所,1994,公館路13號旁,公園,一般
352,中央簡易公園,121.4999237,25.12809944,陽明山公園管理所,2002,大興街與中央南路二段6巷口,公園,一般
353,中庸1號公園,121.5012436,25.13804054,陽明山公園管理所,1987,位於北投區中庸里雙全街50號對面,公園,一般
354,丹鳳公園,121.5109787,25.1264801,陽明山公園管理所,1993,公館路255巷19弄旁,公園,一般
355,公館公園,121.5064316,25.12799072,陽明山公園管理所,102,奇岩新社區(公三),公園,一般
356,天狗庵遺址,121.5066681,25.13592911,陽明山公園管理所,2013,溫泉路73巷(天狗庵舊址),公園,一般
357,文化一號公園(施工中111/5~111/12),121.496462,25.136535,陽明山公園管理所,1985,位於北投區文化里中央北路二段文化國小對面,公園,一般
358,文化二號公園(施工中111/5~111/12),121.4968414,25.13643074,陽明山公園管理所,1986,位於北投區文化里中央北路一段228巷,公園,一般
359,文化三號公園,121.4947128,25.13769913,陽明山公園管理所,2000,中央北路二段68巷進入(42巷11弄旁),公園,一般
360,北投二號公園,121.508221,25.13705,陽明山公園管理所,1974,中山路2號,公園,一般
361,北投公園,121.5047302,25.13656044,陽明山公園管理所,1974,北投區中山路、光明路所圍範圍,公園,一般
362,北投社三層崎公園,121.491156,25.14574,陽明山公園管理所,108,北投區秀山路50號旁,公園,一般
363,石牌公園,121.5103607,25.11635971,陽明山公園管理所,1980,石牌路一段39巷內,公園,共融
364,立農公園,121.5035095,25.11878967,陽明山公園管理所,1989,承德路七段378號,公園,共融
365,吉利公園,121.5083695,25.11901093,陽明山公園管理所,1990,位於北投區立農里吉利街179號旁,公園,一般
366,同德公園,121.5294495,25.12507057,陽明山公園管理所,1992,位於北投區永欣里同德街27巷19號對面,公園,一般
367,地熱谷公園,121.5109787,25.13755989,陽明山公園管理所,1980,臺北市北投區中山路30-1號(中山路與溫泉路交口),公園,一般
368,行義公園,121.5252304,25.1253891,陽明山公園管理所,1979,石牌路二段343巷8號,公園,一般
369,奇岩一號公園,121.503698,25.128339,陽明山公園管理所,2013,臺北市北投區磺港路208號(奇岩新社區公一),公園,共融
370,奇岩二號公園,121.5036926,25.12649918,陽明山公園管理所,2013,臺北市北投區216號(奇岩新社區公二),公園,一般
371,奇岩三號公園,121.5052185,25.12598038,陽明山公園管理所,2013,奇岩新社區(公四),公園,一般
372,東華公園,121.5070725,25.12183952,陽明山公園管理所,1983,東華街二段300巷19號對面,公園,一般
373,林泉公園,121.51482,25.14133,陽明山公園管理所,1998,溫泉路168號旁,公園,一般
374,知行公園,121.4666519,25.11973,陽明山公園管理所,1989,位於北投區關渡里知行路225巷,公園,共融
375,長安公園,121.5001602,25.13555908,陽明山公園管理所,1983,育仁路109號對面(薇閣國小旁),公園,一般
376,建民公園,121.519809,25.104744,陽明山公園管理所,1985,文林北路16巷7號對面,公園,一般
377,泉源47號公園,121.5124588,25.14209938,陽明山公園管理所,1995,泉源路80號對面山腳下,公園,一般
378,泉源48號公園,121.5071564,25.14193916,陽明山公園管理所,1994,北投珠海路120號附近,公園,一般
379,洲美(公4)公園,121.506347,25.100089,陽明山公園管理所,2021,洲美街122號,公園,共融
380,洲美蜆仔港公園,121.5111864,25.10099711,陽明山公園管理所,2016,台北市士林區承德路六段329號,公園,一般
381,致遠公園,121.5150528,25.11127091,陽明山公園管理所,1990,位於北投區榮光里致遠一路二段自強市場旁,公園,一般
382,重三公園,121.4892883,25.14015961,陽明山公園管理所,2012,新興路與重三路交叉口(重三新村八期重劃)政校後勤區,公園,一般
383,振華公園,121.5188522,25.11516953,陽明山公園管理所,1985,位於北投區振華里振華街24號對面,公園,一般
384,振興公園,121.5230408,25.11821938,陽明山公園管理所,1999,天母西路與磺溪交叉口,公園,一般
385,桂花公園,121.5102234,25.13791084,陽明山公園管理所,2008,中山路5-7號(林泉里辦公處旁),公園,一般
386,桃源公園,121.4827576,25.13806915,陽明山公園管理所,1993,中央北路三段148巷底,公園,一般
387,健行公園,121.5088272,25.1212101,陽明山公園管理所,1992,位於北投區東華里致遠三路147巷二弄內,公園,一般
388,崇仰公園,121.51106,25.12609,陽明山公園管理所,1989,崇仰一路、公館路225巷底,公園,一般
389,清江一公園,121.5024796,25.1239109,陽明山公園管理所,1988,位於北投區清江里崇仁路一段154號對面,公園,一般
390,清江二公園,121.5018921,25.12368012,陽明山公園管理所,1988,位於北投區清江里崇仁路1段154號旁,公園,一般
391,軟橋公園,121.517613,25.103102,陽明山公園管理所,2014,台北市北投區文林北路53巷51號,公園,一般
392,復興公園,121.5032272,25.1396904,陽明山公園管理所,1978,北投中和街200號,公園,一般
393,開明公園,121.5053177,25.14113045,陽明山公園管理所,1993,珠海路112號附近,公園,一般
394,新興公園,121.48703,25.13934,陽明山公園管理所,2002,新興路145號旁(六期重劃),公園,特色
395,溫泉綠地,121.512342,25.138933,陽明山公園管理所,1999,溫泉路137號旁,公園,一般
396,聖景一公園,121.46351,25.12045,陽明山公園管理所,1993,聖景路100號內,公園,一般
397,聖景二公園,121.46381,25.12038,陽明山公園管理所,1993,聖景路101號旁,公園,一般
398,聖景三公園,121.46382,25.12046,陽明山公園管理所,1993,聖景路100號內,公園,一般
399,榮光公園,121.51429,25.11472,陽明山公園管理所,1986,位於北投區榮光里石牌路1段石牌國中對面,公園,一般
400,榮富公園,121.5247269,25.1142292,陽明山公園管理所,1999,榮華三路及磺溪旁(過天母橋),公園,共融
401,榮華公園,121.5219879,25.11054993,陽明山公園管理所,1986,明德路150巷3弄,公園,一般
402,福星(公1)公園,121.512326,25.108828,陽明山公園管理所,2021,文林北路255號,公園,共融
403,稻中公園,121.4892807,25.13862991,陽明山公園管理所,2012,中央北路二段334號旁(政校後勤區),公園,一般
404,稻香公園,121.4885788,25.14094925,陽明山公園管理所,1990,位於北投區稻香里新興路72號對面,公園,一般
405,學園公園,121.4663467,25.1282692,陽明山公園管理所,1999,學園路、藝術大學門口旁,公園,一般
406,磺港公園,121.50446,25.130512,陽明山公園管理所,1993,磺港路大興街交口,公園,一般
407,豐年公園,121.4966583,25.13600922,陽明山公園管理所,1986,位於北投區豐年里中央北路大業路口,公園,一般
408,關渡公園,121.46369,25.11973,陽明山公園管理所,1994,知行路210巷底,公園,一般
409,觀海公園,121.4634476,25.12358093,陽明山公園管理所,1999,中央北路4段601巷附近,公園,一般
410,嗄嘮別公園,121.4844208,25.14035034,陽明山公園管理所,2010,中央北路三段、桃源國小東北側,公園,一般
411,天溪綠地,121.5301,25.13519,陽明山公園管理所,"19,971,998",行義路58巷33號附近,綠地,一般
412,北投203號綠地,121.5031,25.12065,陽明山公園管理所,1995,公館路423巷11-17號前(區段徵收),綠地,一般
413,永欣綠地,121.52695,25.12384,陽明山公園管理所,1998,石牌路二段371巷3號,綠地,一般
414,忠義公園,121.4779205,25.1350193,陽明山公園管理所,1996,台北市北投區中央北路四段32號旁,綠地,一般
415,承仙綠地,121.5026321,25.11968041,陽明山公園管理所,1997,承德路7段.公館路交會東北側,綠地,一般
416,明德公園,121.5209808,25.10725975,陽明山公園管理所,1995,東華街一段10號附近,綠地,一般
417,櫻花崗公園,121.52616,25.12349,陽明山公園管理所,1998,石牌路二段與天母北路交叉口,綠地,一般
418,天母公園,121.530518,25.1259089,陽明山公園管理所,1971,臺北市士林區中山北路7段141巷旁,公園,共融
419,天和公園,121.533989,25.11981964,陽明山公園管理所,1986;1990;1992,臺北市士林區天母東路69巷前,公園,特色
420,天福二號公園,121.5316086,25.11709023,陽明山公園管理所,1994,天母東路8巷25-1號對面,公園,一般
421,名山公園,121.5323715,25.10154915,陽明山公園管理所,1994,至誠路一段215號旁(雨農橋附近),公園,一般
422,克強公園,121.521967,25.10798596,陽明山公園管理所,2000,臺北市士林區磺溪街55巷,公園,特色
423,忠誠公園,121.5257416,25.10342026,陽明山公園管理所,1986,臺北市士林區中山北路六段與忠誠路一段交叉口,公園,一般
424,東和公園,121.5336861,25.1226002,陽明山公園管理所,1997,臺北市士林區中山北路7段114巷旁,公園,特色
425,社子公園,121.5060272,25.09037018,陽明山公園管理所,1988,臺北市士林區永平街20巷11弄3號對面,公園,一般
426,芝山公園,121.5317764,25.10236931,陽明山公園管理所,1992,至誠路一段、雨聲街交叉口,公園,一般
427,前港公園,121.5201556,25.0860629,陽明山公園管理所,1988,臺北市士林區前港街與華齡街交叉口,公園,共融
428,美崙公園,121.5172195,25.09737968,陽明山公園管理所,1990,臺北市士林區美崙街152巷,公園,共融
429,海光公園,121.5078812,25.08185005,陽明山公園管理所,1981,臺北市士林區環河北路三段與葫蘆街交口,公園,特色
430,福華公園,121.5189218,25.0821799,陽明山公園管理所,2004,通河街325巷北側,公園,一般
431,蘭雅一號公園,121.5291121,25.1099324,陽明山公園管理所,1984;1987;1994,臺北市士林區忠誠路2段24號旁,公園,特色
432,蘭雅公園,121.529919,25.109744,陽明山公園管理所,1984,臺北市士林區忠誠路2段32巷旁,公園,特色
433,蘭興公園,121.525193,25.111029,陽明山公園管理所,1986,臺北市士林區克強路10巷底,公園,一般
434,士林131號綠地,121.5055924,25.0907898,陽明山公園管理所,1996,"永平街46巷1弄,3弄間",綠地,一般
435,士林132號綠地,121.5068207,25.0906601,陽明山公園管理所,1994,延平北路六段110巷,綠地,一般
436,福文公園,121.5272293,25.09065056,陽明山公園管理所,1993,中山北路五段441號,綠地,一般
437,北投258號綠地(承德4號),121.51245,25.1019,園藝工程隊(北區分隊),2014,承德路六段與福國路交叉口，北投士林科技園區(綠4，區段徵收),公園,一般
438,線形公園-芝山明德段,121.51714,25.1123725,園藝工程隊(北區分隊),2079,北投區線形公園東華街一段,公園,特色
439,大業綠地(北投163號),121.4905396,25.13624001,園藝工程隊(北區分隊),1999,大業路西側大度路口起延伸至大業路517巷旁田埂路,綠地,一般
440,中和綠地,121.4988022,25.14188004,園藝工程隊(北區分隊),2000,中和街363號附近,綠地,一般
441,文化綠地,121.498406,25.137449,園藝工程隊(北區分隊),1984,大業路、永興路一段交叉口,綠地,一般
442,北投106號綠地,121.5209045,25.11108208,園藝工程隊(北區分隊),1982,建明路165之1及明德路旁(石牌綠地系統),綠地,一般
443,北投120號綠地,121.501115,25.120132,園藝工程隊(北區分隊),1982,承德路七段400號前(公館路至磺港溪間),綠地,一般
444,北投121號綠地,121.5049896,25.11664009,園藝工程隊(北區分隊),1982,承德路七段214號前東側,綠地,一般
445,北投122號綠地,121.5089264,25.11306953,園藝工程隊(北區分隊),1982,承德路七段168號旁前東側,綠地,一般
446,北投123號綠地,121.503849,25.117135,園藝工程隊(北區分隊),1982,承德路七段前西側(尊賢街267巷口對面起迄立農公園對面),綠地,一般
447,北投124號綠地,121.506329,25.114865,園藝工程隊(北區分隊),1982,承德路六段到承德路七段(福國路口起迄立賢西路口間)前西側,綠地,一般
448,北投135號綠地,121.5103073,25.11183929,園藝工程隊(北區分隊),1982,承德路七段上(32巷至石牌路一段間),綠地,一般
449,北投138號綠地,121.502739,25.11441994,園藝工程隊(北區分隊),1982,承德路七段右側，立賢路南側,綠地,一般
450,北投139號綠地,121.5031281,25.11502075,園藝工程隊(北區分隊),1982,承德路七段右側，立賢路北側,綠地,一般
451,北投160號綠地,121.496586,25.135316,園藝工程隊(北區分隊),1992,大業路二段533-545號前,綠地,一般
452,北投161號綠地 (田心仔綠地),121.4949265,25.13513947,園藝工程隊(北區分隊),2002,中央北路二段257巷東側，大業路525巷6弄旁,綠地,一般
453,北投164號綠地,121.4959793,25.13344955,園藝工程隊(北區分隊),1989,大業路東側，十信工高旁,綠地,一般
454,北投165號綠地,121.4962387,25.13175964,園藝工程隊(北區分隊),1980,大業路452巷,綠地,一般
455,北投166號綠地,121.496872,25.13051033,園藝工程隊(北區分隊),1987,大業路東側,綠地,一般
456,北投167號綠地,121.497707,25.128405,園藝工程隊(北區分隊),1987,大業路400號東側,綠地,一般
457,北投168號綠地,121.4991913,25.12437058,園藝工程隊(北區分隊),1987,大業路50號東側,綠地,一般
458,北投169號綠地,121.499533,25.12072,園藝工程隊(北區分隊),1982,大度路一段，承德路口南側,綠地,一般
459,北投181號一德綠地,121.4647675,25.12393951,園藝工程隊(北區分隊),1999,大度路三段，中央北路四段(萬善宮旁),綠地,一般
460,北投182號綠地,121.4677277,25.12339973,園藝工程隊(北區分隊),1982,大度路三段274號北側,綠地,一般
461,北投183號綠地,121.4718628,25.12301064,園藝工程隊(北區分隊),1982,大度路三段北側,綠地,一般
462,北投185號綠地,121.464987,25.123425,園藝工程隊(北區分隊),1982,大度路三段南側(關渡派出所後),綠地,一般
463,北投186號綠地,121.4665299,25.12302971,園藝工程隊(北區分隊),1982,大度路三段南側，知行路314號旁,綠地,一般
464,北投187號綠地,121.4682922,25.12290955,園藝工程隊(北區分隊),1982,大度路三段南側,綠地,一般
465,北投188號綠地,121.4705582,25.12274933,園藝工程隊(北區分隊),1982,大度路三段南側,綠地,一般
466,北投191號綠地,121.4808426,25.12248993,園藝工程隊(北區分隊),1982,大度路二段北側,綠地,一般
467,北投192號綠地,121.4809113,25.12208939,園藝工程隊(北區分隊),1982,大度路二段南側,綠地,一般
468,北投257號綠地(承德3號),121.512199,25.10442,園藝工程隊(北區分隊),2014,承德路六段上，北投士林科技園區(綠3，區段徵收),綠地,一般
469,北投39號綠地,121.462777,25.121984,園藝工程隊(北區分隊),1992捐,聖景路140~150號前,綠地,一般
470,北投62號綠地,121.503215,25.129382,園藝工程隊(北區分隊),1983,磺港路上(清江路177巷口至清江路113巷口),綠地,一般
471,北投63號綠地,121.5033417,25.12759018,園藝工程隊(北區分隊),1983,磺港路上(三合橋旁至清江路177巷口),綠地,一般
472,北投64號綠地,121.503285,25.126383,園藝工程隊(北區分隊),1983,磺港路上(崇仁路一段131巷口至三合橋旁),綠地,一般
473,北投65號綠地,121.5030518,25.1246891,園藝工程隊(北區分隊),1986,磺港路上(崇仁路一段155巷口至131巷口),綠地,一般
474,北投66號綠地,121.5029602,25.12373924,園藝工程隊(北區分隊),198,磺港路上(崇仁路一段155巷口兩側),綠地,一般
475,北投69號綠地,121.5120392,25.12602043,園藝工程隊(北區分隊),1993,崇仰一路11號旁,綠地,一般
476,北投90號綠地,121.5203323,25.11861992,園藝工程隊(北區分隊),1978,石牌路二段臺北護理大學圍牆外(榮總對面),綠地,一般
477,北投91號綠地,121.521637,25.11903,園藝工程隊(北區分隊),1992,石牌路二段上振興街口與天母西路口間(榮總急診入口處對面),綠地,一般
478,北投92號綠地,121.5222778,25.11926079,園藝工程隊(北區分隊),1993,石牌路二段與天母西路、天母西路130巷間,綠地,一般
479,北投98號綠地,121.5155029,25.11565971,園藝工程隊(北區分隊),1981,石牌路二段上(東華街二段起至裕民三路口),綠地,一般
480,永和綠地,121.5279312,25.12791061,園藝工程隊(北區分隊),2001,行義路98號附近,綠地,一般
481,安明綠地,121.502133,25.135616,園藝工程隊(北區分隊),1999,光明路157巷2弄1號(七虎公園旁),綠地,一般
482,奇岩4號綠地,121.5055466,25.12603951,園藝工程隊(北區分隊),2014,三合路一段，清江國小旁。,綠地,一般
483,林投坑(一)綠地,121.4893723,25.13674927,園藝工程隊(北區分隊),2002,中央北路二段257號後(貴子坑溪至北投捷運機場北側),綠地,一般
484,林投坑(二)綠地,121.4890976,25.13651085,園藝工程隊(北區分隊),2002,中央北路二段257號後(貴子坑溪至北投捷運機場南側),綠地,一般
485,番仔厝綠地,121.495903,25.13413048,園藝工程隊(北區分隊),2002,大業路525巷及517巷之間,綠地,一般
486,磅空頂綠地,121.4650726,25.12298012,園藝工程隊(北區分隊),2014,大度路三段301巷28弄底，馬偕護校東側(原北投第二號公墓),綠地,一般
487,北投3號廣場,121.4978409,25.13195992,園藝工程隊(北區分隊),1993,北投路二段，捷運北投站前廣場(捷運局82年代辦重建),廣場,一般
488,天壽綠地,121.5256861,25.1140282,園藝工程隊(北區分隊),1992,中山北路六段405巷右側,公園,一般
489,天壽綠地,121.5256861,25.1140282,園藝工程隊(北區分隊),1992,中山北路六段405巷右側.,公園,一般
490,社子島福安里堤防綠地,121.4964373,25.09814157,園藝工程隊(北區分隊),2008,延平北路7段106巷52弄口蹄側(士林社子島福安里堤防綠地),公園,一般
491,基隆河沖洗溝加蓋綠地,121.5231628,25.08404923,園藝工程隊(北區分隊),1995,"承德路,後港街間(基隆河沖洗溝加蓋綠地).",公園,一般
492,華齡公園,121.5231628,25.08404923,園藝工程隊(北區分隊),1995,承德路，後港街間,公園,一般
493,士林116號綠地,121.5136032,25.09646034,園藝工程隊(北區分隊),1982,承德路五段,綠地,一般
494,士林117號綠地,121.5139008,25.09703064,園藝工程隊(北區分隊),1982,承德路五段,綠地,一般
495,士林118號綠地,121.5194626,25.0931797,園藝工程隊(北區分隊),1986,基隆河廢河道，中正路北側,綠地,一般
496,士林120號綠地,121.5204468,25.09305954,園藝工程隊(北區分隊),1984,基隆河廢河道，中正路南側,綠地,一般
497,士林121號綠地,121.5158081,25.0922699,園藝工程隊(北區分隊),1982,承德路五段,綠地,一般
498,士林128號綠地,121.5223465,25.08466911,園藝工程隊(北區分隊),1996,前港街10號前,綠地,一般
499,士林130號綠地,121.5025864,25.08959961,園藝工程隊(北區分隊),2001,延平北路六段271-1號,綠地,一般
500,士林136號綠地,121.51091,25.08691025,園藝工程隊(北區分隊),1971,百齡橋西側引道三角綠地,綠地,一般
501,士林139號綠地,121.509407,25.08486939,園藝工程隊(北區分隊),1994,延平北路五段257巷41號前,綠地,一般
502,士林151號綠地,121.548439,25.09576035,園藝工程隊(北區分隊),1971,自強隧道綠地,綠地,一般
503,士林156號綠地,121.554827,25.103392,園藝工程隊(北區分隊),1971,至善國中邊,綠地,一般
504,士林173號綠地 (蘭興1號綠地),121.5261993,25.1128006,園藝工程隊(北區分隊),1989,中山北路六段士東路口,綠地,一般
505,士林179號綠地,121.5294266,25.10433006,園藝工程隊(北區分隊),1982,芝山公園石頭公廟綠地,綠地,一般
506,士林197號綠地,121.558964,25.136188,園藝工程隊(北區分隊),2008,永公路245巷34弄,綠地,一般
507,士林198號綠地,121.55392,25.141013,園藝工程隊(北區分隊),2008,中庸一路205巷底,綠地,一般
508,士林199號綠地,121.5584564,25.1405201,園藝工程隊(北區分隊),2008,永公路245巷34弄西側,綠地,一般
509,士林200號綠地,121.5616684,25.13698006,園藝工程隊(北區分隊),2008,永公路245巷34弄東側,綠地,一般
510,士林201號綠地,121.560669,25.13364029,園藝工程隊(北區分隊),2008,永公路245巷34弄西側(往閻錫山墓園小路兩旁),綠地,一般
511,士林206綠地(番仔田綠地),121.548027,25.09795952,園藝工程隊(北區分隊),2010,故宮路15巷底,綠地,一般
512,士林207綠地(番仔田小綠地),121.5483933,25.0967598,園藝工程隊(北區分隊),2010,故宮路41巷底,綠地,一般
513,士林208號綠地,121.5337677,25.09733009,園藝工程隊(北區分隊),2009,"福林路,泰北中學旁",綠地,一般
514,士林68號綠地,121.5364304,25.0990696,園藝工程隊(北區分隊),1971,福林路、至善路交叉口綠地,綠地,一般
515,士林73號綠地 (天美綠地),121.5259705,25.1215992,園藝工程隊(北區分隊),1999,天母西路95巷,綠地,一般
516,士林75號綠地,121.529441,25.123203,園藝工程隊(北區分隊),1971,天玉街圓環,綠地,一般
517,士林76號綠地,121.532776,25.124725,園藝工程隊(北區分隊),1971,天母派出所前圓環 (中山北路6段底),綠地,一般
518,士林79號綠地,121.5267792,25.11557961,園藝工程隊(北區分隊),1990,中山北路六段405巷21號前.,綠地,一般
519,士林80天壽二號,121.5264206,25.11326027,園藝工程隊(北區分隊),"78,79",中山北路六段左側，士東國小對面,綠地,一般
520,士林89號綠地,121.5289307,25.10577011,園藝工程隊(北區分隊),1982,德行東路104巷口,綠地,一般
521,天福綠地,121.532547,25.11675072,園藝工程隊(北區分隊),1988,天母東路22巷23號對面,綠地,一般
522,永倫綠地,121.5005264,25.09152031,園藝工程隊(北區分隊),2001,倫等街,綠地,一般
523,東吳綠地,121.5427475,25.09658051,園藝工程隊(北區分隊),1999,臨溪路旁,綠地,一般
524,添壽一號綠地,121.5269013,25.11673927,園藝工程隊(北區分隊),2009,天母西路32巷底,綠地,一般
525,聖山綠地,121.5323486,25.1068306,園藝工程隊(北區分隊),1984,忠義街，德行東路190巷交叉口,綠地,一般
526,福德綠地,121.512291,25.07950974,園藝工程隊(北區分隊),1971,重慶北路四段1巷，高速公路交流道旁,綠地,特色
527,士林3號廣場,121.5246124,25.10453033,園藝工程隊(北區分隊),2008,忠誠路中山北路六段交叉口西側,廣場,一般
528,士林4號廣場,121.5319901,25.09605026,園藝工程隊(北區分隊),2009,福林路與雨農路交叉口,廣場,共融
529,天母廣場,121.5300827,25.11874962,園藝工程隊(北區分隊),"1986,2003接管",中山北路與天母東.西路交接處,廣場,一般
530,天生廣場,121.53125,25.12619019,園藝工程隊(北區分隊),1999,中山北路七段219巷旁,廣場,一般
531,中山21號廣場,121.556282,25.0807991,園藝工程隊(北區分隊),1996,"樂群二路旁,基隆河截彎取直範圍內",公園,一般
532,力行1號綠地,121.5388718,25.08410072,園藝工程隊(北區分隊),1997,通北街65巷，大直圓山二村，力行新村附近,綠地,一般
533,力行2號綠地,121.5379334,25.08334923,園藝工程隊(北區分隊),1997,大直圓山二村，通北街118巷內,綠地,一般
534,中山161號綠地,121.5331574,25.07806969,園藝工程隊(北區分隊),1981,北安路忠烈祠圓環,綠地,一般
535,中山240號綠地,121.5495987,25.08696938,園藝工程隊(北區分隊),1981,北安路自強隧道口右側,綠地,一般
536,中山381號綠地,121.5472031,25.07959938,園藝工程隊(北區分隊),2011,北安路538巷口,綠地,一般
537,中山411號綠地,121.5564499,25.0832901,園藝工程隊(北區分隊),1996,"敬業三路旁,基隆河截彎取直範圍內",綠地,一般
538,中山412號綠地,121.5564575,25.08230019,園藝工程隊(北區分隊),1996,"敬業三路旁,基隆河截彎取直範圍內",綠地,一般
539,中山413號綠地,121.5561981,25.08332062,園藝工程隊(北區分隊),1996,"敬業三路旁,基隆河截彎取直範圍內",綠地,一般
540,中山414號綠地,121.5561676,25.08126068,園藝工程隊(北區分隊),1996,"敬業三路旁,基隆河截彎取直範圍內",綠地,一般
541,中山415號綠地,121.5526276,25.08012009,園藝工程隊(北區分隊),1996,"樂群二路旁,基隆河截彎取直範圍內",綠地,一般
542,中山416號綠地,121.553772,25.0800705,園藝工程隊(北區分隊),1996,"樂群二路旁,基隆河截彎取直範圍內",綠地,一般
543,中山417號綠地,121.5552597,25.0800705,園藝工程隊(北區分隊),1996,"樂群二路旁,基隆河截彎取直範圍內",綠地,一般
544,中山418號綠地,121.5573731,25.08005905,園藝工程隊(北區分隊),1996,"樂群二路旁,基隆河截彎取直範圍內",綠地,一般
545,中山419號綠地,121.5593414,25.08003998,園藝工程隊(北區分隊),1996,"樂群二路旁,基隆河截彎取直範圍內",綠地,一般
546,中山420號綠地,121.560997,25.08004952,園藝工程隊(北區分隊),1996,"樂群二路旁,基隆河截彎取直範圍內",綠地,一般
547,中山421號綠地,121.5621719,25.08037949,園藝工程隊(北區分隊),1996,"樂群二路旁,基隆河截彎取直範圍內",綠地,一般
548,中山422號綠地,121.552742,25.07986069,園藝工程隊(北區分隊),1996,"樂群二路旁,基隆河截彎取直範圍內",綠地,一般
549,中山423號綠地,121.5538025,25.07983971,園藝工程隊(北區分隊),1996,"樂群二路旁,基隆河截彎取直範圍內",綠地,一般
550,中山424號綠地,121.5549164,25.07983971,園藝工程隊(北區分隊),1996,"樂群二路旁,基隆河截彎取直範圍內",綠地,一般
551,中山425號綠地,121.5558167,25.07983971,園藝工程隊(北區分隊),1996,"樂群二路旁,基隆河截彎取直範圍內",綠地,一般
552,中山426號綠地,121.5622177,25.08011055,園藝工程隊(北區分隊),1996,"樂群二路旁,基隆河截彎取直範圍內",綠地,一般
553,中山129號綠地,121.5396729,25.05372047,園藝工程隊(西區分隊),1990,中山區復華里龍江路118號,綠地,一般
554,長春綠地,121.5380096,25.05290031,園藝工程隊(西區分隊),2009,中山區復華里南京東路3段89巷27弄,綠地,一般
555,中山4號廣場,121.5205231,25.0526104,園藝工程隊(西區分隊),1992,中山區康樂里中山北路2段41號,廣場,一般
556,大同249綠地,121.5114594,25.07743073,園藝工程隊(西區分隊),1990,大同區老師里迪化街364巷西北側,綠地,一般
557,大同250綠地,121.5098572,25.07722092,園藝工程隊(西區分隊),1990,大同區老師里迪化街364巷東南側,綠地,一般
558,大同251綠地,121.5118485,25.07838059,園藝工程隊(西區分隊),1980,大同區老師里環河北路敦煌路口三角綠地,綠地,一般
559,敦煌1號綠地,121.5162888,25.0747509,園藝工程隊(西區分隊),1987,大同區重慶里重慶北路3段交流道旁,綠地,一般
560,敦煌2號綠地,121.5164414,25.07696915,園藝工程隊(西區分隊),1987,大同區老師里敦煌路125號慶昌橋旁,綠地,一般
561,大同16號廣場,121.5086136,25.05637932,園藝工程隊(西區分隊),1995,大同區永樂里環河北路與民生西路口,廣場,一般
562,大稻埕廣場,121.5095367,25.05500031,園藝工程隊(西區分隊),2001,大同區永樂里永昌街與迪化街口之霞海城隍廟前,廣場,一般
563,六藝廣場,121.5150528,25.07468987,園藝工程隊(西區分隊),2006,大同區保安里孔廟西北側及保安宮南側道路,廣場,一般
564,太原廣場,121.5166397,25.04747963,園藝工程隊(西區分隊),2000,大同區建明里鄭州路與太原路口左右兩側廣場,廣場,一般
565,永樂廣場,121.5096588,25.0546608,園藝工程隊(西區分隊),2000,大同區永樂里迪化街永樂市場,廣場,一般
566,保安廣場,121.5189285,25.07055092,園藝工程隊(西區分隊),2010,大同區保安里庫倫街55巷旁(北側),廣場,一般
567,建成圓環,121.5142952,25.0527604,園藝工程隊(西區分隊),2001,南京西路與重慶北路口東南側,廣場,一般
568,萬華51號公園,121.5029221,25.03594017,園藝工程隊(西區分隊),1981,萬華區富福里西園路1段與大理街交叉口,公園,一般
569,萬華266號綠地,121.5030975,25.03915978,園藝工程隊(西區分隊),1971,萬華區菜園里康定路與貴陽街2段交叉口,綠地,一般
570,西本願寺（萬華406號）廣場,121.5070801,25.04030037,園藝工程隊(西區分隊),2013,臺北市中華路1段及長沙街2段交會處,廣場,一般
571,中正138號綠地,121.5145111,25.03783989,園藝工程隊(西區分隊),1981,愛國西路林園道,綠地,一般
572,北門廣場,121.5116831,25.0480021,園藝工程隊(西區分隊),2017,忠孝西路與中華路一段東南側,廣場,一般
573,交7廣場,121.5167618,25.04647064,園藝工程隊(西區分隊),2005,中正區黎明里忠孝西路與公園路口（臺北車站南1門、南2門、南3門前）,廣場,一般
574,交通4號廣場,121.5188065,25.04738045,園藝工程隊(西區分隊),1999,中正區黎明里市民大道旁、逸仙公園西側,廣場,一般
575,交通8號廣場,121.51651,25.05031967,園藝工程隊(西區分隊),89,中正區黎明里忠孝西路與重慶北路口西側,廣場,一般
576,行旅廣場,121.5132041,25.0477977,園藝工程隊(西區分隊),2000年2016年,忠孝西路與重慶北路一段路口東北側,廣場,一般
577,西安廣場,121.5608521,25.08675957,園藝工程隊(東區分隊),1996,臺北市內湖區文湖街21巷20號對面,公園,一般
578,週美綠地,121.5819016,25.0564003,園藝工程隊(東區分隊),2000,臺北市內湖區新明路298巷以西至基隆河堤防,公園,一般
579,內湖110號綠地,121.5800705,25.07122994,園藝工程隊(東區分隊),1996,臺北市內湖區瑞光路112巷及76巷旁(六期重劃),綠地,一般
580,內湖117號綠地,121.6018524,25.08326912,園藝工程隊(東區分隊),2009,臺北市內湖區大湖山莊街與成功路5段交叉口、大湖設區國宅,綠地,一般
581,內湖119號安興綠地,121.5836716,25.0576992,園藝工程隊(東區分隊),1996,位於南京東路6段北側，安興街南側,綠地,一般
582,文德1號綠地,121.5842133,25.07859039,園藝工程隊(東區分隊),1996,臺北市內湖區文德路1號-91號間,綠地,一般
583,康樂綠地,121.6206131,25.07490921,園藝工程隊(東區分隊),2010,臺北市內湖區康樂街191巷旁,綠地,特色
584,港華5號綠地,121.5742874,25.08544922,園藝工程隊(東區分隊),1983,臺北市內湖區環山路2段62號對面,綠地,一般
585,湖興綠地,121.5908966,25.06893921,園藝工程隊(東區分隊),1996,臺北市內湖區成功路2段312巷27號旁,綠地,一般
586,治磐廣場,121.5663071,25.08272934,園藝工程隊(東區分隊),1990,臺北市內湖區內湖路1段285巷8弄2號旁,廣場,一般
587,港富廣場,121.5781174,25.08029938,園藝工程隊(東區分隊),1994,臺北市內湖區內湖路1段715巷旁,廣場,一般
588,灣仔廣場,121.5908966,25.06893921,園藝工程隊(東區分隊),2001,臺北市內湖區成功路2段324巷4號旁,廣場,一般
589,松山121號綠地三民圓環,121.5625687,25.05916023,園藝工程隊(東區分隊),1973,臺北市松山區民生東路五段三民路口,綠地,一般
590,合成18號綠園,121.5829163,25.04626083,園藝工程隊(東區分隊),1991,臺北市忠孝東路6段玉成街口至東新街口,公園,一般
591,合成8號綠園,121.5937882,25.05083084,園藝工程隊(東區分隊),1990,臺北市南港區東新街至忠孝東路6段449號,公園,一般
592,九如綠地,121.6163101,25.03856087,園藝工程隊(東區分隊),1991,臺北市南港區研究院路二段150巷底、四分溪旁,綠地,特色
593,四分綠地,121.615002,25.03588189,園藝工程隊(東區分隊),1995,左至研究院路三段68巷北側右至凌雲街北側,綠地,共融
594,向陽綠地,121.5928726,25.05695915,園藝工程隊(東區分隊),1985,臺北市南港區向陽路199巷旁、成功路1段79號,綠地,一般
595,成福綠地,121.5929489,25.0453701,園藝工程隊(東區分隊),1992,臺北市南港區東新街170巷口、南港公園旁,綠地,一般
596,成德綠地,121.5874634,25.04644966,園藝工程隊(東區分隊),1984,臺北市南港區東新街100號之1,綠地,一般
597,東明綠地,121.6006928,25.05426979,園藝工程隊(東區分隊),1996,臺北市南港路二段72巷21弄,綠地,一般
598,東新綠地,121.6024475,25.05359078,園藝工程隊(東區分隊),1992,臺北市南港區南港路二段104號,綠地,一般
599,南深綠地,121.6231613,25.03792954,園藝工程隊(東區分隊),1993,臺北市南港區舊莊街一段231號旁,綠地,一般
600,南港29號綠地,121.6172333,25.04239082,園藝工程隊(東區分隊),1973,臺北市南港區研究院路二段、舊莊街一段交叉路口,綠地,一般
601,南港65號園區綠地,121.6142197,25.05903053,園藝工程隊(東區分隊),2011,臺北市南港區三重路21巷,綠地,一般
602,新坡綠地,121.6177521,25.0356102,園藝工程隊(東區分隊),1998,臺北市南港區研究院路二段213巷2號前,綠地,一般
603,新南綠地,121.6065521,25.05184937,園藝工程隊(東區分隊),2007,臺北市南港區忠孝東路七段398號,綠地,一般
604,新陽綠地,121.6034164,25.05693054,園藝工程隊(東區分隊),2000,臺北市南港區興南街272巷3號對面,綠地,一般
605,合心廣場,121.583458,25.04660988,園藝工程隊(東區分隊),2004,臺北市南港區玉成街與忠孝東路六段交叉口,廣場,一般
606,南港五號廣場,121.5998001,25.05406952,園藝工程隊(東區分隊),2011,臺北市南港區南港路二段以南，178巷對面,廣場,一般
607,仁愛圓環,121.5496826,25.03763008,園藝工程隊(南區分隊),57,仁愛路與敦化南路交會處之圓環,公園,一般
608,大安125號綠地,121.5336838,25.04442024,園藝工程隊(南區分隊),70,八德路，中央圖書館台灣分館(國立台北工專前),綠地,一般
609,大安195號綠地,121.5314331,25.02001953,園藝工程隊(南區分隊),60,臺北市大安區溫州街58巷,綠地,一般
610,黎和綠地,121.5605698,25.01593018,園藝工程隊(南區分隊),1987,台北市大安區臥龍街324號,綠地,一般
611,錦華綠地,121.5295792,25.02957916,園藝工程隊(南區分隊),87,金華街，永康街55巷交叉口,綠地,一般
612,林口2號綠地(松光),121.57882,25.0399,園藝工程隊(南區分隊),1988,松山路465巷,公園,一般
613,信義352號公園 (松智公園),121.5655136,25.03582001,園藝工程隊(南區分隊),83,信義區松智路1號,公園,一般
614,太子綠地,121.5770721,25.04519081,園藝工程隊(南區分隊),90,永吉路與虎林街交叉處,綠地,一般
615,松光綠地,121.5785294,25.03949928,園藝工程隊(南區分隊),1988,台北市信義區松山路465巷4號,綠地,一般
616,松隆綠地,121.5801086,25.03495979,園藝工程隊(南區分隊),1984,松山商職西南側松山路650巷,綠地,一般
617,信義350綠地,121.5625687,25.03923035,園藝工程隊(南區分隊),1991,松高路及基隆路交叉,綠地,一般
618,信義351號綠地,121.5654373,25.03918076,園藝工程隊(南區分隊),1991,松高路本線基隆路口至松仁路口,綠地,一般
619,信義353號綠地 (松仁綠地),121.5677185,25.03274918,園藝工程隊(南區分隊),80,信義路五段南側與松仁路西側間,綠地,一般
620,信義354號綠地,121.5684204,25.02946091,園藝工程隊(南區分隊),1991,松仁路東側，信義路北側,綠地,一般
621,信義355號綠地,121.5683365,25.03089905,園藝工程隊(南區分隊),80,松仁路東側、信義路五段南側,綠地,一般
622,信義356號綠地,121.5737076,25.03338051,園藝工程隊(南區分隊),1991,信義路五段北側、松德路西側,綠地,一般
623,信義382號綠地 (惠安水與綠生活綠地),121.5682373,25.0233593,園藝工程隊(南區分隊),95,吳興街432巷37弄,綠地,一般
624,崇德綠地,121.5554504,25.02421951,園藝工程隊(南區分隊),1990,台北市信義區嘉興街270號,綠地,一般
625,黎平綠地,121.5571213,25.02318955,園藝工程隊(南區分隊),1987,臺北市崇德街146巷17號,綠地,一般
626,信義20號廣場,121.5775833,25.04874992,園藝工程隊(南區分隊),102,市民大道與松隆路及松山路,廣場,一般
627,信義21號廣場,121.5644684,25.03473091,園藝工程隊(南區分隊),95,信義計畫、市府路,廣場,一般
628,厚生廣場,121.5681,25.04340935,園藝工程隊(南區分隊),1988,永吉路30巷102弄與松隆路旁,廣場,一般
629,景聯廣場,121.5614014,25.03252029,園藝工程隊(南區分隊),1990,臺北市吳興街7巷,廣場,一般
630,興德綠色步道,121.5595398,24.99477005,園藝工程隊(南區分隊),2008,興隆路3段296號至304巷口(海巡署前),公園,一般
631,文山50號綠地,121.5750885,24.99078941,園藝工程隊(南區分隊),1991,秀明路2段24巷,綠地,特色
632,文山木柵60號綠地,121.583252,25.00042915,園藝工程隊(南區分隊),1984,新光路2段與萬福橋旁，動物園公務門前方,綠地,一般
633,木柵14號綠地,121.5515289,24.99163055,園藝工程隊(南區分隊),70,懷恩隧道口南側出入口,綠地,一般
634,木柵17號(秀明綠地),121.5648117,24.98903084,園藝工程隊(南區分隊),1998,久康街木柵16號公園對面,綠地,一般
635,木柵49號綠地,121.5736694,24.99308014,園藝工程隊(南區分隊),1992,新光路1段185,綠地,一般
636,指南綠地,121.5796738,24.98300934,園藝工程隊(南區分隊),1998,指南路3段24巷5號旁,綠地,一般
637,軍功綠地,121.5726776,25.00127983,園藝工程隊(南區分隊),2001,和平東路4段295巷內,綠地,一般
638,景美29號綠地,121.5518189,24.99637032,園藝工程隊(南區分隊),1981,懷恩隧道口北側出入口,綠地,一般
639,景美30號綠地,121.5551987,25.00074959,園藝工程隊(南區分隊),1993,興隆路與興德路交叉口,綠地,一般
640,景美32號綠地,121.5579605,25.00922012,園藝工程隊(南區分隊),1981,辛亥隧道口南側,綠地,一般
641,萬利綠地,121.5647507,25.00028992,園藝工程隊(南區分隊),1996,萬利街41巷旁,綠地,一般
642,萬利綠地,121.5647507,25.00028992,園藝工程隊(南區分隊),1996,萬利街41巷旁,綠地,一般
643,水源町公園,121.5346044,25.01187015,園藝工程隊(隊部),2021,臺北市中正區汀州路三段104巷40弄6號,公園,一般
644,41號公園,121.5644,25.10709,園藝管理所,2010,中社路雙溪國小對面,公園,一般
645,士林官邸公園,121.5301514,25.09490013,園藝管理所,1971,中山北路5段378巷以北/福林路.中山北路交叉口右側(士林官邸),公園,一般
646,天和一號公園,121.53471,25.11844,園藝管理所,1990,天母東路69巷口,公園,一般
647,天壽公園,121.5256861,25.1140282,園藝管理所,1992,中山北路六段405巷右側,公園,一般
648,外雙溪公園,121.5523911,25.10127068,園藝管理所,1999,至善路2段284巷19號,公園,一般
649,仰德一號公園,121.5377808,25.10007095,園藝管理所,1997,仰德大道1段2-1號,公園,一般
650,仰德二號公園,121.5382767,25.09999085,園藝管理所,1997,仰德大道1段2-2號,公園,一般
651,至善公園,121.5382919,25.09819031,園藝管理所,1985,臺北市士林區福林路、至善路口東北側,公園,一般
652,至誠公園,121.5366821,25.10108948,園藝管理所,1986,至誠路1段24號對面,公園,特色
653,至德園公園,121.546402,25.09840012,園藝管理所,1991,至善路2段113巷,公園,一般
654,志成公園,121.53086,25.09669,園藝管理所,1994,臺北市士林區中正路與志成街交叉口,公園,一般
655,承德公園,121.5219803,25.08966065,園藝管理所,1988,大南路138號對面,公園,一般
656,明勝公園,121.519187,25.079968,園藝管理所,1993,承德路4段6巷56號旁,公園,一般
657,社正公園,121.5104218,25.08749962,園藝管理所,1990,中正路與重慶北路四段交叉處,公園,一般
658,原住民文化主題公園,121.5507507,25.10157013,園藝管理所,1997,臺北市士林區至善路2段221號旁,公園,一般
659,基河公園,121.5240173,25.08003998,園藝管理所,1987,基河路14號對面,公園,一般
660,華聲公園,121.5224915,25.09597969,園藝管理所,1980,華聲街20號對面,公園,特色
661,新佳公園,121.5194931,25.09863091,園藝管理所,1987,文昌路179巷12號對面,公園,一般
662,福中公園,121.518837,25.08791924,園藝管理所,1983,福港街107巷百齡國小附近,公園,共融
663,福志公園,121.5340576,25.09905052,園藝管理所,2000,臺北市士林區忠勇街40巷20弄底,公園,一般
664,福林公園,121.5294724,25.0958004,園藝管理所,1991,中山北路與福林路交叉口,公園,共融
665,福順公園,121.5111313,25.08234978,園藝管理所,1986,延平北路5段136巷內,公園,特色
666,翠山公園,121.56995,25.10845,園藝管理所,2004,中央社區翠山街與中社路二段口,公園,一般
667,德仁公園,121.5214615,25.10265923,園藝管理所,1984,文林路714巷內,公園,一般
668,德行公園,121.5236511,25.10511017,園藝管理所,1992,德行西路30號仰德活動中心旁,公園,一般
669,線形公園-前街,121.524831,25.097214,園藝管理所,1997,中正路236巷與前街交叉口(淡水捷運高架下方),公園,特色
670,線形公園-後街,121.524831,25.097214,園藝管理所,1997,文林路594巷與後街交叉口(淡水捷運高架下方),公園,一般
671,衛理兒童遊戲場,121.5533066,25.10232925,園藝管理所,1993,至善路二段332巷旁,公園,一般
672,磺溪公園,121.5206299,25.10487938,園藝管理所,1987,德行西路93巷底,公園,一般
673,雙溪公園,121.5359192,25.09803963,園藝管理所,1974,福林路至善路口東南側,公園,一般
674,209號綠地,121.5280685,25.09259987,園藝管理所,2005,中山北路五段東側5米綠帶(原203號公園區段徵收),綠地,一般
675,至臨綠地,121.555603,25.10429001,園藝管理所,1997,外雙溪至善路二段290號,綠地,一般
676,一江公園,121.5312576,25.05327988,圓山公園管理所,1971,一江街31號對面,公園,一般
677,八二三砲戰紀念公園,121.5267716,25.07679939,圓山公園管理所,1973,圓山飯店東側,公園,一般
678,力行三號公園,121.5366898,25.08543015,圓山公園管理所,1998,"通北街146巷,力行新村附近",公園,一般
679,下埤公園,121.5422821,25.06701088,圓山公園管理所,1985,民族東路512巷內,公園,一般
680,下塔悠公園,121.5595627,25.07692909,圓山公園管理所,1996,樂群一路旁，基隆河截彎取直範圍內(平均地權基金),公園,一般
681,上塔悠公園,121.552002,25.07751083,圓山公園管理所,1996,樂群一路旁，基隆河截彎取直範圍內(平均地權基金),公園,一般
682,大佳社區公園,121.5376587,25.07275009,圓山公園管理所,2003,濱江街154巷對面（高速公路旁）,公園,一般
683,大直公園,121.5472794,25.08271027,圓山公園管理所,1987,北安路621巷30號邊,公園,一般
684,中427公園,121.5559921,25.0803299,圓山公園管理所,1997,敬業三路與樂群二路交會口,公園,一般
685,中428公園,121.553485,25.078447,圓山公園管理所,1997,樂群二路30巷內,公園,一般
686,中429公園,121.555858,25.078469,圓山公園管理所,1997,樂群二路116巷旁,公園,一般
687,中430公園,121.5620804,25.07829094,圓山公園管理所,1997,基湖路120巷30弄1至7號對面,公園,一般
688,中431公園,121.5652084,25.07740021,圓山公園管理所,1997,基湖路151巷46弄對面,公園,一般
689,中吉公園,121.5318375,25.05636025,圓山公園管理所,1985,松江路170巷內,公園,一般
690,中安公園,121.5239868,25.05648994,圓山公園管理所,1980,中山北路2段65巷2弄內,公園,一般
691,中安公園 A,121.5239868,25.05648994,圓山公園管理所,1980,中山北路2段65巷2弄內,公園,共融
692,中原公園,121.5285873,25.05581093,圓山公園管理所,1981,吉林路144巷與中原街交口處,公園,一般
693,仁德公園,121.5290833,25.0531807,圓山公園管理所,1986,吉林路108巷吉林國小附近,公園,一般
694,四平公園,121.5345078,25.05323029,圓山公園管理所,1976,松江路123巷內,公園,一般
695,正守公園,121.528745,25.048051,圓山公園管理所,1995,長安東路一段56巷,公園,一般
696,民享公園,121.5211105,25.0592308,圓山公園管理所,1976,民生西路45巷9弄內,公園,一般
697,永安公園,121.5452118,25.07912064,圓山公園管理所,1987,北安路518巷14弄內,公園,一般
698,永直公園,121.5505295,25.08147049,圓山公園管理所,1990,北安路608巷14弄1號,公園,特色
699,永靜公園,121.5217819,25.06155968,圓山公園管理所,1979,中山北路二段128巷內,公園,一般
700,伊通公園,121.5347672,25.05015945,圓山公園管理所,1971,松江路85巷內,公園,一般
701,吉林公園,121.5289307,25.05082512,圓山公園管理所,1974,吉林路14巷內,公園,一般
702,合江公園,121.5394821,25.05866051,圓山公園管理所,1985,合江街73巷口,公園,一般
703,朱昌公園,121.5388184,25.05545998,圓山公園管理所,1986,合江街58巷口,公園,一般
704,朱厝崙公園,121.5410614,25.0475502,圓山公園管理所,2004,龍江路21巷內,公園,一般
705,朱崙公園,121.541687,25.04933929,圓山公園管理所,1972,龍江路45巷內,公園,一般
706,江寧公園,121.5394135,25.06122971,圓山公園管理所,1988,龍江路286巷,公園,一般
707,自強公園,121.548603,25.086019,圓山公園管理所,1994,大直街124巷內,公園,一般
708,明水公園,121.5480576,25.07881928,圓山公園管理所,1996,北安路538巷1弄1號前,公園,共融
709,林森公園,121.5258713,25.05233955,圓山公園管理所,1975,南京東路一段、林森北路右側,公園,一般
710,松江公園,121.5324631,25.05036926,圓山公園管理所,1973,松江路90巷,公園,一般
711,松錦1號公園,121.532404,25.060117,圓山公園管理所,1977,民生東路二段127巷,公園,一般
712,松錦2號公園,121.532089,25.059608,圓山公園管理所,1977,民生東路二段115巷25弄,公園,一般
713,直安公園,121.5478516,25.08119965,圓山公園管理所,1978,北安路573巷內,公園,一般
714,花博公園美術園區,121.5239563,25.07060051,圓山公園管理所,1975,中山北路以東，民族東路以北 (原民族公園),公園,共融
715,花博公園圓山園區,121.5206223,25.07156944,圓山公園管理所,1978,捷運圓山站以東、兒育中心以南、爭豔館以北、中山北路以西,公園,一般
716,花博公園新生園區,121.5305023,25.06856918,圓山公園管理所,1978,新生北路三段105號.民族東路松江路間,公園,共融
717,金泰公園,121.565167,25.076495,圓山公園管理所,1996,樂群一路旁，基隆河截彎取直範圍內(平均地權基金),公園,一般
718,建興公園,121.5381775,25.04714966,圓山公園管理所,1985,八德路二段167巷內,公園,一般
719,培英公園,121.5449829,25.08226967,圓山公園管理所,1983,北安路501巷實踐大學前,公園,一般
720,康樂公園,121.5251465,25.05340958,圓山公園管理所,1997,南京東路一段、林森北路左側,公園,一般
721,復華公園,121.5396805,25.0531292,圓山公園管理所,1986,龍江路114巷內,公園,一般
722,晴光公園,121.5245667,25.06389999,圓山公園管理所,1978,"雙城街7,13及10巷口",公園,特色
723,華山公園,121.525861,25.047745,圓山公園管理所,1994,市民大道二段上,公園,特色
724,進安公園,121.537468,25.04586983,圓山公園管理所,1997,八德路二段146巷內,公園,一般
725,集英公園,121.521344,25.065402,圓山公園管理所,1995,中山北路三段36巷14弄,公園,一般
726,圓山自然景觀公園,121.52233,25.075055,圓山公園管理所,1934,台北市中山區玉門街33號,公園,一般
727,敬業公園,121.556045,25.085728,圓山公園管理所,1999,北安路821巷4弄,公園,一般
728,新喜公園,121.5321884,25.06542969,圓山公園管理所,1982,吉林路393巷內,公園,一般
729,新祿公園,121.5296478,25.06715965,圓山公園管理所,1985,新生北路3段87巷內,公園,一般
730,新壽公園,121.5299225,25.06331062,圓山公園管理所,1981,吉林路301號對面,公園,一般
731,新興公園,121.5246506,25.06151962,圓山公園管理所,1980,中山北路二段137巷內,公園,一般
732,農安公園,121.5352631,25.06528091,圓山公園管理所,1982,農安街227巷3弄底,公園,一般
733,榮星花園公園,121.5404968,25.06265068,圓山公園管理所,1990,榮星花園舊址，民權東路建國北路,公園,共融
734,聚葉公園,121.527236,25.060496,圓山公園管理所,1995,新生北路二段與錦州街交口(錦州橋下),公園,一般
735,劍潭公園,121.524598,25.080108,圓山公園管理所,1967,圓山飯店西側，中山北路四段,公園,一般
736,德惠公園,121.5315628,25.06748962,圓山公園管理所,1980,吉林路461巷內,公園,一般
737,撫順公園,121.52199,25.064579,圓山公園管理所,1979,中山北路三段大同公司前,公園,一般
738,興安公園,121.5417786,25.05567932,圓山公園管理所,1986,遼寧街170巷,公園,一般
739,興亞公園,121.531601,25.04738045,圓山公園管理所,1992,長安東路二段36巷內,公園,一般
740,興國公園,121.541941,25.0531,圓山公園管理所,1987,遼寧街116巷旁,公園,一般
741,遼寧公園,121.5423126,25.05360031,圓山公園管理所,1980,遼寧街185巷口,公園,一般
742,錦北公園,121.5358276,25.06048966,圓山公園管理所,1985,錦州街275號旁,公園,一般
743,錦州公園,121.5293198,25.06061935,圓山公園管理所,1971,錦州街138號對面,公園,一般
744,龍江公園,121.54216,25.05982018,圓山公園管理所,1985,龍江路271巷,公園,一般
745,雙城公園,121.5240173,25.06731033,圓山公園管理所,1972,"雙城街40,46及37,43巷口",公園,一般
746,大同公園,121.512001,25.06797981,圓山公園管理所,1981,延平北路三段99巷,公園,一般
747,大稻埕公園,121.5103684,25.05866051,圓山公園管理所,1999,歸綏街241號隔壁,公園,特色
748,大龍公園,121.5155792,25.07024002,圓山公園管理所,1980,大龍街244號旁,公園,特色
749,玉泉公園,121.5076523,25.04993057,圓山公園管理所,1994,西寧北路28號,公園,共融
750,至聖公園,121.5176926,25.07118988,圓山公園管理所,1985,承德路三段210號,公園,一般
751,忠和公園,121.5086136,25.0578804,圓山公園管理所,1989,歸綏街250巷,公園,一般
752,哈密公園,121.515594,25.074846,圓山公園管理所,1985,哈密街59巷,公園,一般
753,建成公園,121.5182266,25.0540905,圓山公園管理所,1980,承德路二段35號旁,公園,共融
754,迪化公園,121.5120087,25.07110977,圓山公園管理所,1982,迪化街二段243巷,公園,一般
755,國順公園,121.510025,25.066222,圓山公園管理所,2018,大同區昌吉街131巷西側,公園,一般
756,景化公園,121.5127411,25.06535912,圓山公園管理所,1971,伊寧街9巷,公園,共融
757,朝陽公園,121.51313,25.05595,圓山公園管理所,1984,重慶北路2段70巷旁,公園,共融
758,塔城公園,121.5108032,25.05072022,圓山公園管理所,1988,塔城街7號旁,公園,一般
759,蔣渭水紀念公園,121.516777,25.05970955,圓山公園管理所,1976,錦西街51號對面,公園,一般
760,歸綏戲曲公園,121.513092,25.05797005,圓山公園管理所,1978,重慶北路2段與歸綏街口,公園,一般
761,蘭州公園,121.5153809,25.06395912,圓山公園管理所,1971,蘭州街89巷,公園,一般
762,八德公園,121.5457077,25.04693031,圓山公園管理所,1978,八德路二段366巷21之1號前,公園,一般
763,中華公園,121.552484,25.053527,圓山公園管理所,1979,健康路15巷口,公園,一般
764,民有一號公園,121.5474014,25.06077004,圓山公園管理所,1980,敦化北路244巷31號前,公園,一般
765,民有二號公園,121.5463181,25.05964088,圓山公園管理所,1980,民生東路三段113巷14號前,公園,一般
766,民有三號公園,121.5476227,25.05862045,圓山公園管理所,1980,民生東路三段127巷14號前,公園,一般
767,民福綠地,121.54879,25.06276,圓山公園管理所,2016,民族東路763號對面,公園,一般
768,民權公園,121.5591736,25.06191063,圓山公園管理所,1973,富錦街359巷2弄，民權國小旁,公園,一般
769,吉仁公園,121.5534821,25.0478096,圓山公園管理所,1983,八德路3段、延吉街口,公園,一般
770,吉祥公園,121.5640488,25.0505333,圓山公園管理所,1981,八德路四段245巷52弄至56弄間,公園,一般
771,安平公園,121.5644913,25.05302048,圓山公園管理所,1994,南京東路五段251巷32弄8號旁,公園,一般
772,西松公園,121.5641327,25.05368996,圓山公園管理所,1979,三民路、健康路口,公園,一般
773,延壽一號公園,121.5563507,25.05763054,圓山公園管理所,1971,光復北路165巷17號前,公園,一般
774,延壽二號公園,121.5527573,25.05735016,圓山公園管理所,1971,民生東路四段56巷3弄20號前,公園,一般
775,延壽三號公園,121.5518036,25.05686951,圓山公園管理所,1971,敦化北路199巷5號前,公園,一般
776,松基公園,121.545445,25.055369,圓山公園管理所,2012,興安街174巷旁,公園,一般
777,松榮公園,121.555107,25.060208,圓山公園管理所,2021,光復北路及富錦街交接處,公園,一般
778,長壽公園,121.5589218,25.05336952,圓山公園管理所,1980,健康路174號旁,公園,一般
779,美仁一號公園,121.5534592,25.05014992,圓山公園管理所,1985,南京東路四段52巷14號前,公園,一般
780,美仁二號公園,121.553421,25.04949951,圓山公園管理所,1985,八德路三段99巷12～18號前,公園,一般
781,健康公園,121.5688705,25.05411911,圓山公園管理所,1985,健康路、松山變電所旁,公園,一般
782,婦聯公園,121.5597305,25.05468941,圓山公園管理所,1982,延壽街330巷20弄,公園,特色
783,富民生態公園,121.5643387,25.06015015,圓山公園管理所,1997,新東街41之7號,公園,一般
784,富錦一號公園,121.5590286,25.05888939,圓山公園管理所,1971,民生東路五段69巷2弄旁,公園,一般
785,富錦二號公園,121.5596237,25.05961037,圓山公園管理所,1971,民生東路5段69巷2弄27號旁,公園,一般
786,富錦三號公園,121.5588989,25.06023979,圓山公園管理所,1971,民生東路5段69巷4弄11號旁、富錦街374號,公園,一般
787,富錦五號公園,121.5535431,25.05884934,圓山公園管理所,1971,民生東路四段97巷4弄20號旁,公園,一般
788,富錦六號公園,121.5529022,25.05821037,圓山公園管理所,1971,民生東路四段105號旁,公園,一般
789,復盛公園,121.56147,25.04747963,圓山公園管理所,2004,市民大道五段99號、八德路四段106巷,公園,一般
790,復源公園,121.5544815,25.04648972,圓山公園管理所,1987,光復南路22巷至32巷間,公園,一般
791,敦中公園(施工中，預計8月底完成),121.5458908,25.04990006,圓山公園管理所,1981,敦化北路4巷31號邊,公園,一般
792,敦化公園,121.5504837,25.04640961,圓山公園管理所,1973,八德路三段12巷52弄2之1號邊,公園,共融
793,敦北公園,121.5515671,25.06122971,圓山公園管理所,1971,敦化北路、民權東路口,公園,一般
794,新中公園,121.5608673,25.06052017,圓山公園管理所,1971,新中街、富錦街口,公園,一般
795,新東公園,121.568367,25.05879974,圓山公園管理所,1971,民生東路五段、撫遠街口,公園,一般
796,寧安公園,121.5548706,25.05035019,圓山公園管理所,1986,寧安街50巷、育達商職第二校區前,公園,一般
797,精忠2號公園,121.5528488,25.05639076,圓山公園管理所,1973,民生東路四段80巷旁,公園,一般
798,精忠公園,121.5521698,25.05933952,圓山公園管理所,1971,民生東路四段97巷6弄2號旁,公園,一般
799,慶城公園 A,121.5463867,25.05327034,圓山公園管理所,1985,慶城街16巷、南京東路3段303巷,公園,共融
800,撫遠公園,121.5669479,25.06444931,圓山公園管理所,1971,撫遠街367巷至389巷底,公園,一般
801,舊宗1號公園 ( 新東農園 ),121.5688629,25.06195068,圓山公園管理所,1996,撫遠街，撫遠街抽水站旁,公園,一般
802,舊宗2號公園,121.5699997,25.05491066,圓山公園管理所,2000,撫遠街，松山抽水站兩側,公園,一般
803,鵬程公園,121.5686722,25.0555191,圓山公園管理所,1989,健康路325巷6弄底,公園,一般
804,寶清公園,121.5676422,25.05212021,圓山公園管理所,1974,寶清街85號對面,公園,一般
